taxonomy_id,072023_Carolina_2023_Baya_052_DCYL_S9_F_filt.bracken_num,072023_Carolina_2023_Baya_053_MCAV_S3_F_filt.bracken_num,072023_Carolina_2023_Baya_055_MCAV_S4_F_filt.bracken_num,072023_Carolina_2023_Baya_057_SSID_S7_F_filt.bracken_num,072023_Carolina_2023_Baya_059_SSID_S8_F_filt.bracken_num,072023_Carolina_2023_Baya_061_SSID_S5_F_filt.bracken_num,072023_Carolina_2023_Baya_063_SSID_S6_F_filt.bracken_num,072023_Carolina_2023_Baya_065_DCYL_S1_F_filt.bracken_num,072023_Carolina_2023_Baya_066_DCYL_S2_F_filt.bracken_num,122021_Coralina_2021_Baya_001_DCYL_S24_F_filt.bracken_num,122021_Coralina_2021_Baya_003_MCAV_S27_F_filt.bracken_num,122021_Coralina_2021_Baya_005_MCAV_S28_F_filt.bracken_num,122021_Coralina_2021_Baya_007_MCAV_S29_F_filt.bracken_num,122021_Coralina_2021_Baya_009_DCYL_S25_F_filt.bracken_num,122021_Coralina_2021_Baya_010_DCYL_S26_F_filt.bracken_num,122021_Coralina_2021_Baya_013_DLAB_S43_F_filt.bracken_num,122021_Coralina_2021_Baya_015_DLAB_S44_F_filt.bracken_num,122021_Coralina_2021_Baya_017_MCAV_S30_F_filt.bracken_num,122021_Coralina_2021_Baya_019_SSID1_S46_F_filt.bracken_num,122021_Coralina_2021_Baya_021_SSID2_S36_F_filt.bracken_num,122021_Coralina_2021_Baya_023_MCAV_S31_F_filt.bracken_num,122021_Coralina_2021_Baya_025_MMEA_S22_F_filt.bracken_num,122021_Coralina_2021_Baya_027_PSTR4_S34_F_filt.bracken_num,122021_Coralina_2021_Baya_029_MMEA_S23_F_filt.bracken_num,122021_Coralina_2021_Baya_031_MMEA_S45_F_filt.bracken_num,122021_Coralina_2021_Baya_033_PSTR7_S35_F_filt.bracken_num,122021_Coralina_2021_Baya_035_PSTR_S32_F_filt.bracken_num,122021_Coralina_2021_Baya_037_PSTR_S33_F_filt.bracken_num
49546,85828,10467,21432,7583,12184,14772,31365,5852,13507,3315,3483,4506,9958,3492,2693,4539,38927,3416,15237,29794,7042,4506,27060,2926,4295,11171,9872,7463
186817,70727,8020,12471,6823,10382,13973,13161,5239,7184,2432,2951,3847,7758,2533,1670,3372,25126,2757,6663,26615,5645,4947,25787,2471,4600,10579,9267,6788
31979,36511,3112,5494,2037,3535,4034,3270,1916,2371,918,1217,1303,3554,993,774,1525,12199,1225,5770,11421,2489,1993,8960,971,2074,4311,3816,2624
543,28875,3537,8342,4084,6086,9514,19052,2258,5152,2406,1317,2437,3853,1416,1148,2910,13037,1630,3243,10016,2786,2712,12169,1634,2407,4370,3627,3425
468,26901,1908,3224,1657,2586,3626,4580,1557,2133,980,730,994,2156,643,450,1377,8593,808,1881,6052,1494,1426,8364,767,1501,2786,2616,1683
2062,22278,4034,6977,5306,6449,19332,53758,2126,5237,3825,1135,2844,3903,1140,969,2569,13656,1269,8419,7246,2491,1213,14137,915,1890,3367,3205,2633
2762318,22004,2337,3652,1840,3095,3467,3767,1670,2295,764,961,1168,2905,782,574,1078,7784,863,1887,8006,1855,1255,8018,768,1100,3126,2924,2075
33958,21956,2224,3154,2076,3091,3565,3179,1191,1594,554,858,953,2500,544,422,984,7629,830,4567,7342,1834,1833,6816,679,2115,2793,2534,1898
186822,21593,2775,3749,1744,2971,3668,4193,1352,2003,739,972,1223,2282,680,416,927,7377,1009,2171,7621,1821,1326,9456,594,1410,2838,2568,1798
641,21254,2182,22564,2574,3395,5032,6066,1591,2589,1719,788,1495,2262,718,512,1154,7216,910,2426,7197,1529,1554,9036,700,1256,2992,2546,1942
135621,19775,2449,4704,3392,4673,11315,33970,1546,3336,2402,832,1724,2302,711,642,1785,9243,1028,4656,7911,1592,1387,9117,834,1379,2847,2419,1857
90964,19716,2134,3187,2113,3030,4017,6125,1341,1755,764,918,1069,2161,785,495,1118,8800,937,6189,7169,1647,1136,8265,721,998,2911,2348,1777
84566,19672,2505,3617,1751,2728,3260,3635,1298,2080,669,861,1133,2220,638,381,881,7120,954,1223,14577,1662,956,6029,529,901,2535,5648,4750
36751,19466,1142,1539,716,1058,1321,910,747,792,262,419,475,1297,363,213,379,3295,459,289,3792,864,518,3845,345,664,1484,1219,849
1639119,17965,2401,2929,1213,1976,2088,1442,2108,1730,702,873,981,2322,793,560,650,7529,787,623,6617,1588,1524,6767,649,1776,2468,2225,1624
1300,14399,1725,2446,1552,2458,2899,14776,978,1230,719,592,731,1402,454,380,810,5997,624,2460,4886,1258,735,5399,479,962,1972,1702,1281
41294,14039,942,2310,1179,1640,7509,16682,748,1502,1986,1722,1085,2093,1124,1145,17182,73848,1013,57514,4767,1451,2412,3988,2596,12937,1769,7938,3072
4893,13506,1446,1802,1032,1507,1495,1264,865,1007,396,496,596,1261,457,304,600,4000,489,482,4651,978,397,4121,242,413,1608,1370,946
186803,13426,1449,2394,1229,1885,2034,1833,991,1259,474,570,657,1569,532,277,569,4320,557,2115,4108,1099,707,6974,385,761,1737,1392,1048
41297,12033,1085,2353,886,1174,7561,19703,1022,1957,513,154,346,453,141,65,410,1406,203,1623,920,232,125,1339,142,189,394,344,277
81852,11588,1524,2335,904,1568,2398,2362,896,1251,568,555,655,1393,411,236,618,4196,536,651,4023,977,914,3681,353,753,1576,1363,986
119060,11469,1647,2660,1591,2269,5888,14558,682,1569,1182,530,968,3034,375,237,914,4932,654,2323,3823,1126,666,6538,428,703,1357,1348,995
2808963,10566,1007,21759,738,1245,1842,1528,630,757,286,422,483,1037,324,258,451,3759,501,4935,3496,646,1109,3802,310,1351,1240,1127,822
1903414,9753,1137,2234,799,1124,1789,2337,649,932,355,477,581,1257,289,168,580,3676,475,844,3133,637,999,3212,361,946,1289,1149,928
267888,9323,679,1784,566,805,1146,1376,566,936,389,248,291,725,285,178,417,2393,232,474,2552,438,565,2790,258,548,968,1580,705
2821832,9148,279,1038,423,1142,4195,7593,122,7449,390,60,221,238,91,56,214,923,77,483,912,115,505,670,170,793,269,244,197
72294,8756,1111,1723,690,1148,1331,1287,1150,967,326,362,449,1357,423,276,438,3239,334,1072,3299,986,528,2444,247,436,1350,1223,853
815,8268,784,1255,612,970,1111,1257,506,756,292,304,394,864,272,192,410,2983,296,342,2518,500,385,2723,220,414,948,847,613
82115,7966,1156,2754,1171,1455,7959,13929,582,1598,901,298,634,776,322,205,810,5122,297,1962,2945,469,450,3194,285,591,1094,925,694
186804,7961,961,1481,536,802,911,730,461,563,182,329,363,753,217,205,445,4232,301,398,2791,641,309,2541,182,254,1038,1029,1006
1884633,7644,747,976,575,892,952,812,532,620,220,314,315,605,266,163,420,3320,281,736,2908,395,409,2480,247,366,987,886,674
203492,7450,861,1287,510,773,873,724,542,608,212,326,402,1916,288,142,271,2670,320,218,3081,1200,410,1977,228,548,938,851,561
1903409,7204,913,1505,627,1040,1524,2062,491,760,321,305,403,914,251,219,425,2708,349,3523,2694,606,414,2134,215,371,998,945,639
2895623,7189,685,966,537,813,997,801,447,612,203,286,321,647,237,148,282,1592,215,448,2044,477,351,2255,161,300,953,902,651
712,7177,649,1218,723,1037,1357,1433,751,954,372,294,305,1119,403,216,321,2574,284,438,2416,445,765,2591,330,751,839,926,673
186818,7113,932,1446,632,966,1201,1148,339,473,167,302,405,796,166,92,312,4174,336,366,2651,609,432,3044,208,390,861,820,540
1162,6868,973,1295,1089,1603,5155,3178,412,2140,378,404,564,896,226,304,426,3140,536,992,2779,810,425,3231,293,475,1287,1270,864
563835,6651,817,1331,703,1113,1403,1619,652,945,230,289,377,899,306,172,404,3024,294,2607,2003,634,312,2583,160,363,928,719,591
267890,6412,713,1794,638,913,1408,2339,484,772,437,261,382,771,224,178,346,2748,306,432,2720,581,470,2686,223,411,905,793,645
766764,6319,784,1057,436,711,818,656,301,381,158,266,386,766,189,107,335,1950,263,1525,1731,498,191,1797,128,230,646,502,376
181550,6083,575,731,316,538,750,595,270,312,123,211,249,525,139,3739,181,1741,203,3159,1854,362,224,1135,124,182,606,548,341
1131492,5977,674,858,325,601,686,566,421,516,227,217,273,432,236,185,260,1507,229,394,1598,356,239,1809,204,198,618,616,392
110618,5527,786,981,440,703,1080,920,396,497,133,326,292,559,166,161,361,4200,291,458,2514,632,219,2155,155,245,836,869,551
1129771,5222,398,527,213,350,385,393,186,212,84,164,170,518,88,56,378,864,162,286,1036,381,218,772,102,213,378,338,262
72275,5045,585,2346,655,1100,1218,3402,998,1344,366,172,281,499,199,175,314,2150,208,212,2023,384,459,1966,256,315,816,770,509
1903411,5021,537,1126,626,894,1407,2147,455,629,320,146,276,701,237,107,348,3337,179,940,2311,365,293,2498,168,312,715,741,515
2131,4935,476,693,314,557,657,489,268,322,118,149,214,656,98,87,194,1877,187,86,1472,380,239,1430,119,176,624,577,431
2854170,4908,1112,6981,2517,1762,7773,47311,735,5162,1564,120,761,894,289,165,874,1794,294,3584,1551,351,601,1925,324,697,629,583,560
84642,4820,423,1052,544,718,1413,4813,238,473,325,156,298,525,114,82,253,1513,195,368,995,248,302,2102,113,503,471,396,286
32033,4739,876,1563,2294,2845,4813,13455,446,1070,839,344,637,889,217,166,653,4013,369,3828,1711,835,654,3271,331,531,677,633,504
5654,4737,544,642,366,529,659,602,264,372,144,247,216,513,132,89,116,1640,207,563,1387,363,213,1705,126,227,546,553,449
80864,4494,716,1417,1114,1660,4509,14454,600,1109,878,233,543,727,267,177,635,2801,333,2774,1580,394,401,2527,184,441,748,670,616
200667,4489,188,334,178,276,324,358,152,245,102,79,93,289,62,61,342,2610,92,87,601,150,107,1097,55,74,251,260,150
28056,4401,761,1339,988,1016,4325,10942,388,1075,878,235,578,643,229,160,421,1960,262,1510,1095,1090,162,1455,120,153,456,413,354
2092,4399,691,968,455,723,524,422,178,215,105,217,315,662,81,69,194,1581,229,327,1517,459,243,1488,116,190,522,520,373
2845253,4378,421,610,206,446,364,343,221,287,81,85,199,297,113,91,90,616,123,92,977,223,147,1119,108,173,410,369,246
444,4325,453,621,366,484,557,611,188,291,102,135,222,432,70,76,156,1385,144,288,1563,378,295,1600,126,260,627,498,335
171552,4104,488,659,325,552,683,1254,340,411,159,157,167,435,168,104,290,2175,189,388,1294,292,202,1423,131,186,524,432,318
216572,4033,471,790,389,694,838,968,367,457,161,171,226,391,134,78,159,2126,143,281,2191,260,198,1700,82,182,569,614,383
2206,3999,509,587,519,707,650,460,174,204,88,171,208,449,75,81,191,1651,144,691,1379,290,170,1849,108,170,567,566,393
85023,3980,892,1506,1149,1348,3935,13168,340,1071,893,210,693,901,150,140,612,3064,255,1930,1667,445,161,2414,175,206,600,520,454
28256,3810,801,1540,928,788,1969,5799,319,913,433,255,420,482,116,81,296,1490,325,1012,1002,706,378,1168,151,230,433,428,332
481,3746,272,409,312,475,867,1580,199,295,135,93,132,343,91,70,158,1210,113,508,1098,193,377,1128,157,362,473,442,271
85025,3708,530,892,611,790,2141,6608,386,770,538,186,382,535,179,114,332,1608,157,1197,1011,384,194,1823,113,195,598,430,300
1653,3702,486,710,352,574,1253,5074,234,482,382,237,328,414,153,94,253,1752,257,2845,970,270,199,1782,153,259,370,388,292
186814,3629,278,446,152,275,245,224,104,152,62,93,155,342,54,45,64,542,119,67,580,210,100,703,56,126,192,206,155
186827,3469,278,419,152,214,226,653,83,153,61,57,103,218,38,39,42,321,93,115,603,199,81,549,32,115,264,213,170
563798,3438,397,787,245,506,826,2485,215,465,124,141,184,401,121,101,196,1845,118,131,1105,262,190,1084,106,139,456,377,297
1762,3381,538,846,894,1032,3107,8207,310,827,646,166,424,579,169,147,484,1903,220,2027,1559,279,129,1900,132,206,486,487,329
186820,3323,196,297,248,421,225,232,174,236,93,60,88,273,106,81,153,1213,81,287,808,229,112,1011,66,110,374,328,266
72293,3289,476,657,281,471,537,407,226,265,88,151,224,411,143,73,168,1217,150,222,1370,289,220,1095,89,199,520,454,311
186828,3261,347,499,225,398,550,512,315,347,128,125,162,347,122,89,130,1003,117,181,1005,186,143,1626,104,127,350,332,240
31953,3226,337,417,252,333,503,861,162,251,145,163,135,202,91,88,83,728,112,173,1266,123,58,730,43,57,305,216,234
1903410,3220,255,504,266,417,615,1015,196,301,139,85,115,232,107,59,135,903,95,182,854,148,144,1128,115,129,364,348,237
2159,3214,270,420,264,463,429,302,238,294,95,112,123,391,108,74,134,757,119,105,1010,243,126,1037,56,133,427,311,280
5262,3213,615,727,212,337,424,323,277,329,108,219,233,404,170,95,119,1396,197,433,1243,383,162,1291,83,136,431,379,252
1643685,3185,438,527,344,471,432,313,176,238,91,163,174,317,101,64,105,864,145,47,1030,245,148,1188,92,113,377,362,233
1853232,3178,410,779,325,497,822,1762,322,469,185,111,214,322,100,91,219,1449,141,625,1107,220,223,1543,80,153,519,461,241
75682,3165,384,741,486,642,2045,4483,409,801,441,122,289,439,192,183,394,2610,159,1300,1092,274,255,1466,119,281,521,422,359
267889,3137,369,835,302,487,611,859,285,467,322,167,182,393,136,79,217,1542,123,89,1411,284,219,1243,119,214,725,607,402
942,3061,402,541,203,393,481,386,328,463,137,126,184,469,153,133,245,2274,132,1285,1215,289,397,927,155,351,562,500,364
1268,3053,512,734,563,757,2097,7846,310,508,429,165,347,472,93,117,418,2188,177,1465,1223,277,143,1455,80,305,525,404,344
135620,2890,380,3116,410,591,888,1909,291,499,287,177,192,484,120,110,337,1719,162,295,1890,293,372,1291,159,348,853,668,568
772,2885,286,412,228,400,312,418,178,255,103,114,135,393,84,155,124,647,130,58,765,199,592,800,198,422,382,235,265
31989,2868,1078,4724,2368,2931,8904,32834,1360,2816,1080,144,640,717,222,136,605,1508,225,2151,1128,320,578,1787,286,713,542,509,489
4894,2845,161,169,100,153,87,63,117,127,40,72,60,71,61,33,51,238,50,31,319,96,103,298,41,36,143,154,87
2049,2814,130,217,236,326,870,2527,100,177,171,37,84,185,32,28,96,1564,59,5330,357,139,92,527,32,117,122,138,89
5129,2812,340,387,145,263,322,243,75,114,58,86,118,278,20,65,80,630,103,118,728,253,78,1332,49,64,305,261,205
69277,2776,623,1741,537,726,4880,7715,210,730,528,185,359,435,155,72,430,1686,175,3729,942,288,243,2231,126,265,521,538,465
186806,2776,322,470,129,237,282,232,92,90,64,147,143,249,34,34,156,994,152,76,577,207,94,742,43,47,204,198,188
506,2765,473,832,492,775,2315,5754,211,500,396,122,243,350,119,73,295,1632,164,738,845,168,181,2934,102,194,403,328,226
775,2745,259,397,203,365,300,359,208,262,65,80,138,245,88,66,282,3008,124,57,757,188,244,937,111,206,378,309,202
1570339,2700,348,648,231,403,552,708,148,202,59,127,170,330,129,80,181,1042,153,440,956,272,153,942,145,204,387,370,231
2070,2674,735,1281,1311,1454,3828,10924,240,938,749,158,777,643,209,117,421,1648,159,2807,1228,254,196,2519,141,282,632,517,436
2881426,2630,346,517,293,573,739,961,222,442,178,120,165,422,105,373,402,1332,131,649,851,184,174,874,89,144,359,322,259
126,2584,237,377,339,367,777,3722,187,398,271,97,217,299,83,48,182,1091,110,777,749,146,153,873,88,168,341,291,206
2937909,2570,205,271,128,260,195,200,71,141,34,84,112,179,35,38,34,287,53,74,476,138,63,667,49,95,222,219,150
335929,2567,851,1732,2871,855,2312,6517,752,1702,279,80,174,321,86,63,281,612,114,573,657,199,100,978,59,129,228,198,117
118883,2554,362,552,182,399,349,281,224,280,62,124,172,348,114,35,180,1135,133,73,1041,241,260,1171,126,306,372,332,252
3071002,2463,136,206,363,541,537,348,63,84,22,44,60,161,45,30,44,301,53,70,610,115,110,812,52,97,227,195,142
1156497,2457,241,252,158,235,196,141,280,299,86,90,79,132,136,63,110,960,103,63,1072,133,112,679,70,174,481,430,370
2975441,2412,267,639,258,387,1527,4328,139,332,319,60,217,319,64,45,237,768,102,781,450,189,61,765,64,144,213,157,176
170,2324,267,374,299,632,554,650,191,224,107,111,121,284,88,61,341,709,107,115,1029,238,152,1074,95,158,384,366,232
3120669,2286,211,302,345,374,304,499,260,352,99,54,97,271,132,73,134,1138,106,138,660,230,68,920,72,65,246,358,250
5809,2229,1291,1393,269,424,588,396,162,179,94,509,315,628,203,123,191,1464,113,290,774,444,96,781,95,88,505,379,289
34397,2201,302,410,212,331,402,378,231,315,82,63,123,256,145,74,61,810,90,195,666,194,118,776,73,121,212,198,155
2771471,2189,258,541,319,495,540,422,165,172,82,98,99,224,75,57,71,605,110,97,1091,182,121,949,70,110,302,290,194
2896860,2187,268,497,264,442,583,825,136,297,108,100,157,339,76,58,135,1346,101,179,867,276,222,914,84,188,400,310,250
403,2179,248,464,401,551,1106,2244,110,309,223,87,168,326,59,65,160,1096,91,340,600,155,123,1415,68,99,261,208,143
194924,2136,338,678,248,405,923,2202,224,361,254,153,222,348,118,84,159,906,248,700,884,221,259,1156,106,138,277,292,212
34064,2116,188,322,162,303,395,311,114,155,38,91,87,188,133,169,385,669,63,55,759,171,267,653,101,161,293,249,179
128827,2092,336,550,170,285,285,289,126,182,79,94,132,197,90,186,100,1038,106,175,895,197,223,560,47,259,319,205,169
2810280,2057,146,245,150,229,230,203,50,68,50,69,59,205,20,45,95,771,61,195,3191,214,67,1297,56,56,366,261,222
2528436,2051,363,438,140,245,283,278,131,190,75,112,124,260,80,58,106,933,81,153,817,222,94,661,66,91,348,279,195
681950,2047,352,401,190,243,316,308,133,227,69,123,140,249,92,74,90,641,113,224,751,256,132,823,56,85,338,280,175
39782,2023,223,337,235,420,353,331,119,179,76,81,122,248,66,82,130,768,71,69,880,139,113,671,91,111,319,235,178
1890438,2008,160,339,137,200,3588,968,61,1570,82,50,114,197,43,64,81,1035,96,204,379,67,69,329,44,57,243,201,255
2005525,1979,299,492,147,230,336,365,184,228,71,104,130,331,74,50,73,479,143,65,605,213,70,468,54,66,201,259,155
1706371,1955,202,423,162,238,381,923,328,325,132,89,123,175,84,37,104,912,88,82,642,172,122,539,59,110,316,226,189
85021,1942,115,212,92,109,495,1776,20,138,128,33,100,143,24,0,87,221,81,291,132,43,20,312,20,32,59,66,41
89373,1941,209,395,128,217,318,580,147,227,96,78,105,209,89,22,111,963,75,411,863,107,98,673,64,96,240,286,196
5148,1924,336,357,174,138,194,274,95,138,29,119,127,205,39,50,72,715,92,166,669,247,70,593,48,68,234,258,155
2058185,1880,304,395,129,192,269,176,106,112,36,108,109,252,55,24,105,638,103,207,620,187,90,539,57,124,221,192,141
119045,1855,359,879,294,388,2922,4201,106,418,382,90,190,258,87,51,261,1341,82,696,269,163,102,560,54,140,192,166,186
3079761,1855,108,160,77,145,580,392,44,365,44,42,81,92,23,51,28,143,49,118,349,68,52,284,37,45,126,140,109
1655514,1845,337,506,248,376,420,452,418,346,126,113,148,404,151,135,722,848,170,91,775,277,308,666,117,164,260,250,204
85026,1813,103,190,125,166,552,1707,57,132,130,33,96,125,41,18,47,146,33,464,257,63,37,422,15,23,85,90,52
49,1773,155,348,359,459,1078,4877,222,519,325,81,175,313,93,72,159,778,72,432,588,160,230,846,157,223,275,263,171
1643950,1762,109,165,74,125,250,199,198,207,63,24,46,113,86,44,39,357,36,37,275,67,58,326,31,34,89,96,60
2932623,1759,88,177,72,92,72,89,57,84,17,37,38,72,18,13,49,371,33,15,251,35,55,269,34,31,88,66,39
2691357,1723,216,327,311,304,1053,5268,165,536,320,82,287,286,80,50,148,729,96,1484,699,200,73,725,50,92,245,227,162
28983,1649,157,204,229,313,278,222,97,115,46,108,63,239,41,33,93,664,67,89,564,128,97,708,62,60,219,206,189
1240483,1629,157,239,120,209,572,604,78,88,53,57,69,147,38,33,102,1024,60,3985,1924,104,133,368,58,107,373,357,177
1890450,1622,180,185,310,301,929,3909,56,408,112,52,172,135,31,133,129,657,138,2729,576,110,56,430,40,52,219,194,151
549779,1609,217,329,138,241,260,192,413,295,105,66,103,140,112,92,36,231,81,103,369,105,261,1087,67,98,181,147,102
204434,1608,208,266,191,275,344,902,103,181,91,56,105,197,56,23,62,289,35,293,474,137,158,576,55,193,208,189,145
143786,1589,106,181,97,181,141,108,140,185,62,94,49,161,73,31,89,556,75,38,576,74,53,350,23,56,307,257,230
3120697,1579,160,163,120,372,334,183,32,55,32,35,56,89,23,29,43,325,24,157,834,139,85,305,17,67,127,124,89
2066474,1559,76,167,151,236,256,374,49,93,53,22,36,63,25,27,33,189,32,95,298,45,110,516,123,65,93,110,92
1706373,1514,211,404,316,454,651,2048,412,642,293,79,161,213,171,78,128,1099,84,137,577,105,136,1740,63,124,320,278,192
3056371,1511,0,16,26,21,26,119,0,24,0,0,0,12,0,0,13,16,0,13,46,0,0,79,0,13,34,44,0
3141702,1510,68,142,64,109,255,296,94,154,54,33,23,66,61,44,54,338,26,33,1269,38,22,345,35,45,603,191,320
2146,1499,152,221,95,156,219,169,81,95,32,36,50,111,46,33,68,445,63,29,382,126,53,591,61,61,199,160,131
1471398,1497,263,452,223,276,318,407,161,245,128,83,144,275,96,74,106,1026,94,90,770,172,96,1164,67,80,233,206,188
27994,1485,274,367,184,310,318,237,97,136,42,89,90,484,71,38,61,440,64,93,585,147,35,438,40,30,199,154,109
2815910,1477,286,420,228,361,1303,1182,186,886,214,107,162,229,108,144,120,746,157,310,601,234,184,780,71,167,225,236,205
433,1453,340,686,216,303,1503,1993,89,260,142,103,160,231,63,32,136,710,98,359,703,145,241,810,110,163,340,247,236
2898533,1440,16,61,24,24,28,42,0,17,14,18,0,28,0,0,13,177,12,18,196,27,0,62,0,0,50,32,40
1890426,1427,373,688,687,728,2282,3189,169,1466,524,80,283,1091,154,174,1187,1325,214,3488,550,226,394,935,139,166,285,231,333
191412,1412,49,81,31,49,100,205,47,69,28,0,19,51,16,16,40,211,56,32,163,10,60,160,43,47,63,53,36
85015,1398,163,430,595,950,2309,6270,144,490,417,45,250,256,87,63,253,822,91,814,493,80,55,778,80,102,230,183,163
32594,1381,380,479,93,155,229,130,50,61,29,147,99,313,43,32,34,208,77,52,293,98,33,334,31,46,135,150,110
2024974,1376,134,181,15,90,109,90,81,96,44,62,54,110,42,34,19,2473,33,20,223,87,81,291,38,47,120,131,72
28556,1356,199,216,160,237,156,134,96,141,34,60,62,121,49,28,77,652,58,121,440,96,45,670,17,26,170,150,110
2609812,1354,199,256,102,242,263,144,113,162,38,54,79,117,62,50,39,401,60,137,544,72,63,507,33,47,138,175,140
1937968,1334,138,189,88,164,172,182,115,185,62,37,46,81,56,30,41,464,31,90,373,60,71,507,49,80,141,140,96
539738,1332,122,248,32,78,146,429,53,93,40,39,60,121,28,29,25,172,38,101,310,97,26,301,19,51,312,132,80
338190,1326,159,187,492,237,250,277,80,117,151,69,110,249,41,17,138,880,56,39,528,141,78,434,34,67,256,245,195
2259,1325,122,198,96,158,222,195,71,101,54,54,56,144,48,24,58,537,44,51,549,116,42,719,31,65,178,154,134
972,1301,79,109,50,91,90,65,38,61,23,37,42,216,22,16,14,81,51,11,336,144,18,224,26,25,101,48,47
213483,1278,324,389,135,177,315,395,83,143,59,124,130,247,38,44,76,682,103,184,669,150,89,635,42,54,200,246,134
1644056,1274,178,317,146,229,490,1445,33,132,88,43,117,175,23,20,79,369,69,214,325,91,38,605,44,53,137,116,98
3141701,1213,163,171,16,21,36,58,20,34,10,58,36,98,0,0,17,74,54,0,141,113,0,106,0,0,34,19,20
1046,1197,243,414,194,282,737,2003,67,197,233,57,165,175,43,83,142,285,91,182,318,133,55,464,42,87,165,97,100
1843491,1196,178,260,138,206,180,286,45,55,42,47,72,163,25,17,51,325,40,63,459,137,45,339,29,57,145,111,90
1843490,1188,198,295,116,181,223,188,143,177,52,43,89,137,68,20,88,592,61,240,559,102,85,348,39,72,286,270,189
2790998,1177,143,156,78,144,106,76,45,43,30,37,48,159,26,19,46,236,71,39,417,104,32,287,24,30,127,109,85
4777,1151,125,162,71,179,149,160,81,105,38,39,66,100,57,40,46,428,51,75,326,77,55,444,22,53,106,138,64
135616,1140,187,324,238,381,448,658,105,202,96,55,86,159,54,37,79,883,78,150,704,85,142,701,44,121,227,219,207
93133,1134,156,200,85,142,265,207,105,131,52,35,62,90,60,40,57,556,52,168,463,78,108,602,62,72,164,125,99
28568,1132,136,176,126,207,262,206,114,160,46,57,59,56,66,33,39,400,44,114,457,55,114,1278,39,60,172,113,141
76892,1131,299,908,361,471,2584,4732,211,499,313,101,190,257,147,72,626,3203,79,728,530,136,119,929,235,342,287,217,376
35718,1105,186,186,134,210,228,260,44,106,40,48,67,165,28,55,57,456,44,59,411,117,39,406,28,54,161,202,104
2762301,1097,170,317,71,149,275,328,73,138,37,65,75,180,38,30,83,590,98,48,453,142,49,419,22,44,183,95,89
543314,1097,41,145,108,162,124,105,75,108,27,35,14,66,29,22,61,574,48,28,284,49,53,363,23,64,127,118,83
31977,1097,196,279,103,175,232,619,101,98,46,63,61,193,44,25,84,535,53,108,351,140,86,505,54,92,106,107,54
118968,1090,77,110,87,138,131,202,90,143,27,37,39,139,36,38,48,451,35,27,323,92,87,364,81,102,142,107,78
1892252,1061,205,296,197,342,1016,1670,73,512,117,83,130,226,40,90,76,764,73,214,569,137,105,526,80,76,248,205,140
35082,1057,109,132,38,73,102,58,41,45,25,39,42,69,23,12,51,126,29,37,212,56,14,187,29,44,113,91,80
1892259,1045,113,162,160,242,906,776,61,428,96,57,64,91,32,90,70,823,60,207,649,29,189,493,44,256,216,194,146
40562,1001,49,48,66,95,192,135,55,65,14,24,36,20,28,10,23,223,16,194,274,22,31,227,23,27,150,122,67
267894,997,107,228,96,110,155,142,24,57,30,29,47,120,11,16,42,338,39,41,267,77,54,205,32,50,71,79,49
2603322,981,50,174,127,184,155,138,47,61,14,29,15,24,28,0,35,305,16,20,453,40,89,347,38,49,135,131,105
2762286,979,135,298,85,157,310,363,29,106,41,74,67,108,36,28,48,406,37,32,471,79,41,317,33,46,158,113,83
3399801,964,109,136,64,137,170,266,128,142,70,18,48,113,50,39,60,294,39,103,574,65,83,327,43,79,190,158,139
2810281,960,55,118,13,46,105,79,14,23,0,29,33,91,0,21,11,67,14,0,146,85,15,244,12,14,49,27,22
33925,950,137,177,94,150,154,129,52,78,55,43,59,127,27,27,24,236,22,85,503,97,46,289,25,32,147,155,103
1903412,949,132,213,130,184,237,395,132,167,77,23,55,71,63,119,78,498,55,218,280,28,39,243,28,51,103,107,70
809,941,50,89,101,148,140,96,29,43,17,21,23,58,0,13,33,297,17,46,350,43,45,265,23,53,142,97,60
2887365,920,288,7880,1894,889,1519,2684,362,3457,210,30,110,80,34,15,86,575,49,141,339,65,69,1156,34,74,143,91,83
2800061,916,74,191,1211,1269,1284,2581,808,538,243,42,71,84,190,185,196,960,16,5190,231,35,117,627,47,107,40,58,55
171550,902,74,139,73,97,207,462,23,57,65,24,47,76,12,0,30,316,56,43,169,50,82,234,33,50,87,76,44
2946157,896,14,50,0,0,0,0,0,0,0,0,0,43,0,0,0,0,0,0,0,0,0,0,0,0,0,0,0
1644061,895,155,196,142,205,440,1229,108,201,96,47,97,134,54,24,51,409,58,200,336,90,51,618,40,83,128,136,90
2004,876,136,342,275,345,1176,3164,83,257,266,33,129,153,64,47,154,572,50,531,446,63,33,428,28,87,303,291,272
2813035,870,73,251,77,71,1530,1813,13,99,62,0,58,28,21,0,52,208,12,252,41,32,19,75,0,24,30,40,26
2005520,863,142,233,54,71,132,154,48,94,37,76,49,228,23,32,62,534,65,245,468,171,52,337,32,29,176,105,91
118882,832,166,430,146,209,640,1043,120,213,80,50,67,167,21,31,71,501,50,186,443,88,311,400,89,287,145,117,152
2183,832,57,125,69,91,70,65,61,73,30,25,25,51,39,25,32,200,25,65,246,36,161,285,45,144,79,93,39
196117,831,108,140,75,90,150,101,44,43,11,27,43,53,0,0,36,1507,32,38,347,76,63,257,20,38,160,111,78
2897177,823,66,169,79,94,374,742,52,117,54,29,63,89,26,24,51,254,47,279,272,35,81,246,39,76,84,88,66
474942,808,207,236,54,99,170,207,30,50,29,57,72,67,17,33,25,442,57,49,219,79,41,369,33,57,67,105,57
32011,799,85,164,28,70,147,212,112,147,46,26,37,69,43,24,39,298,31,49,250,74,64,298,42,73,95,92,93
2992718,799,0,33,0,87,0,0,0,0,0,0,0,0,0,0,63,107,0,0,238,0,11,426,0,0,139,104,0
1573805,794,74,120,76,101,117,162,47,94,53,24,35,114,34,25,31,225,34,0,263,50,71,437,24,37,120,104,62
795749,787,32,39,57,74,62,63,30,36,0,13,12,49,12,0,25,206,12,11,265,27,25,120,11,33,84,52,48
39,786,99,102,1225,1423,683,2536,41,106,109,38,92,114,24,17,70,189,94,2253,447,35,47,761,30,33,134,138,77
2897348,773,59,99,67,99,138,115,46,47,26,14,23,70,25,12,30,297,18,25,320,51,36,234,17,48,84,69,70
31957,770,146,241,303,429,1341,39487,576,329,579,552,134,218,222,60,504,3191,86,9290,295,182,134,631,85,711,161,269,90
1890449,766,69,93,166,192,465,694,27,238,41,23,63,74,19,24,72,373,44,222,179,71,28,371,19,43,119,85,57
2762302,755,140,278,97,185,292,722,33,251,57,42,79,100,31,27,40,397,44,49,361,84,35,498,23,40,157,125,95
1775411,753,137,284,317,350,973,3336,115,311,277,40,145,124,77,59,181,982,62,383,610,75,85,551,33,142,225,176,179
85019,753,136,169,117,174,310,888,53,104,77,22,66,84,28,12,43,119,22,155,59,45,22,315,17,27,27,32,42
5268,749,72,84,36,81,110,123,82,87,35,34,46,82,49,23,44,310,19,45,174,48,27,599,24,50,70,78,67
3118656,745,148,276,46,75,100,89,60,65,21,48,59,81,22,20,42,239,40,153,365,42,50,300,21,39,48,81,78
33184,743,54,71,73,132,110,73,50,69,27,21,22,62,20,20,27,209,21,39,234,25,18,207,14,15,105,116,89
1853230,719,190,249,44,93,90,129,80,94,22,45,99,90,19,0,0,43,112,0,185,63,41,154,11,25,48,102,69
186824,719,21,34,23,37,84,98,23,36,18,0,0,0,13,12,19,228,0,38,236,0,31,206,16,24,89,62,62
3423717,718,211,516,204,246,1635,4066,223,439,181,19,86,82,84,31,106,854,29,315,186,40,25,233,38,78,114,101,134
1892263,713,49,55,35,62,358,188,13,178,10,18,17,59,0,0,18,201,21,34,155,39,17,105,0,25,45,34,29
2946170,709,46,54,32,86,66,47,41,29,0,11,17,21,19,12,58,619,11,15,279,21,21,150,10,23,101,91,80
410830,700,69,101,160,271,375,225,66,80,27,33,22,85,26,18,15,118,19,86,261,40,18,771,16,0,73,58,42
2771472,689,33,35,38,57,63,73,58,83,46,0,10,16,23,30,15,80,11,17,155,19,28,154,17,11,116,92,35
683158,682,96,113,43,50,127,95,68,80,24,34,42,107,29,21,19,148,48,63,190,65,55,239,30,29,81,84,77
3366644,662,69,86,82,135,115,91,53,46,13,24,14,38,20,14,15,74,25,187,157,28,20,114,0,31,39,33,28
186823,659,49,88,106,148,255,344,85,112,96,38,31,136,33,33,30,310,18,114,219,51,47,942,46,58,105,95,74
44746,658,12,26,28,57,58,54,21,24,14,0,0,12,10,16,18,253,0,0,126,25,18,84,18,0,63,58,44
2008795,652,87,108,60,73,348,686,38,78,76,49,57,117,23,0,44,154,29,81,135,56,0,1069,0,37,69,72,61
2992717,652,22,232,13,41,37,29,0,0,0,0,0,0,0,0,13,111,0,0,57,12,15,222,0,0,25,23,17
5739,652,59,81,39,74,101,57,29,44,0,20,29,49,17,0,44,354,24,14,216,45,40,243,37,19,100,91,59
119859,643,65,112,103,144,539,250,34,172,36,32,48,70,20,23,44,446,18,62,127,69,56,272,30,55,64,60,48
2831106,641,231,528,142,170,1435,2069,115,326,133,15,99,73,67,24,97,261,47,261,219,60,91,466,38,83,260,104,95
31,632,100,209,138,160,495,1759,26,170,134,29,82,110,22,20,76,484,46,225,323,70,27,819,31,41,220,216,138
1892254,632,71,128,146,161,1606,693,96,584,516,39,66,107,39,50,38,306,79,142,275,62,45,510,31,48,101,116,95
2844375,621,39,182,38,34,467,760,12,59,52,0,29,26,19,0,33,62,0,10713,264,17,0,332,0,0,314,14,21
1522127,619,42,293,154,134,213,574,85,101,23,0,19,29,40,21,35,376,12,16,126,24,0,124,10,40,90,62,46
137,616,129,231,21,47,106,107,93,115,65,40,66,82,71,25,29,470,32,17,224,71,27,227,24,27,114,109,64
2661849,616,68,98,126,161,439,400,33,357,60,24,72,58,15,54,33,425,50,108,263,58,17,286,17,23,137,114,125
2012,606,72,181,133,160,751,2093,41,155,137,35,86,92,19,21,61,378,24,237,156,60,27,225,25,47,52,47,50
206379,597,91,158,46,57,166,297,30,90,49,27,40,58,14,19,36,261,23,116,244,54,63,156,17,65,85,69,59
654128,596,56,78,48,92,107,72,37,39,0,16,22,142,18,16,15,287,36,103,297,54,44,222,34,47,118,74,86
2829815,591,566,1885,251,470,6261,3934,109,331,285,17,152,114,119,35,189,456,54,416,234,120,42,370,47,65,150,210,210
186807,590,77,153,71,128,128,175,92,75,23,20,37,40,41,21,39,474,54,32,283,27,89,598,46,44,92,78,84
10442,590,33,46,47,96,125,70,102,111,21,17,0,22,46,19,0,59,10,23,184,17,62,325,34,58,71,82,36
2726069,580,110,191,111,149,521,1291,45,122,107,21,74,140,17,16,48,161,45,197,158,45,17,228,22,22,70,39,36
5250,574,42,51,65,138,80,78,11,19,14,18,0,20,10,16,47,436,23,84,163,21,34,135,27,33,89,89,79
1963268,573,80,125,149,186,371,918,20,86,79,19,43,84,23,15,70,238,37,334,293,27,27,321,25,19,134,126,111
27319,568,47,63,26,42,50,36,29,34,11,54,24,43,20,0,31,247,15,43,179,38,13,213,0,0,103,103,58
72276,561,142,227,150,160,495,2103,40,204,216,37,98,167,29,20,116,204,50,363,113,86,40,147,26,57,37,36,38
689704,561,32,56,26,47,22,24,0,14,13,0,25,32,0,0,21,90,17,28,62,52,0,149,0,0,20,29,0
1963270,560,19,31,0,11,52,143,27,33,21,14,0,14,12,15,10,36,0,22,32,10,0,27,0,11,10,0,0
34365,558,105,118,51,96,87,55,54,56,13,33,45,70,21,11,21,99,28,0,230,54,28,170,12,24,65,96,77
2731690,557,55,27,0,0,80,67,0,0,0,0,0,16,0,0,11,149,0,0,39,34,0,24,0,0,0,0,0
267891,552,28,95,65,105,82,127,39,50,40,0,16,59,17,13,0,46,11,18,263,47,184,281,16,212,96,116,88
38749,546,57,64,46,74,78,82,53,75,33,17,25,34,32,16,31,367,12,23,166,16,0,283,10,0,51,36,40
1643949,545,89,148,40,118,159,150,56,79,20,26,36,80,27,22,50,279,40,459,388,40,65,768,27,110,206,169,132
1185,544,61,96,45,61,202,174,11,101,16,18,34,35,0,36,17,79,27,42,113,23,10,103,0,16,70,63,42
188786,537,93,101,31,36,80,600,42,40,35,18,32,57,10,12,29,82,36,221,85,14,17,79,0,10,18,14,16
1853234,536,41,111,42,40,61,104,0,42,0,36,25,32,12,20,22,148,13,0,208,50,0,166,12,23,60,54,16
1737406,531,60,136,43,76,104,73,53,59,17,46,34,107,26,19,30,268,25,16,182,55,26,224,13,21,82,74,41
2992719,528,37,70,17,18,33,31,55,61,14,23,23,52,19,0,17,106,18,93,85,33,0,125,0,0,55,41,22
183710,522,139,220,130,158,393,1002,37,127,90,44,71,70,27,24,59,317,22,327,173,52,41,273,28,53,84,66,54
1033997,519,86,136,126,167,141,94,62,77,31,40,37,59,31,17,14,86,43,17,175,103,163,262,27,213,76,73,52
1759442,517,60,60,81,103,115,178,16,29,12,34,28,67,0,0,22,148,33,39,190,37,19,565,19,27,41,49,28
203557,512,52,93,99,94,321,2374,44,149,112,22,74,131,25,12,66,236,31,295,132,62,60,276,62,58,58,52,44
2795691,509,102,190,79,123,160,172,22,25,22,40,48,120,0,0,25,279,45,1227,322,100,11,271,18,41,91,85,83
3031627,506,0,12,0,0,15,34,0,0,15,0,13,0,0,0,0,0,0,0,37,0,0,13,0,0,18,0,0
1499392,504,83,187,136,160,468,1024,50,123,80,28,66,184,27,22,82,341,40,139,203,136,39,407,27,73,83,60,67
89374,499,69,110,61,97,136,194,83,168,58,26,23,45,54,32,38,241,18,31,259,49,74,170,44,36,70,66,93
64898,498,30,45,19,38,52,51,32,37,0,22,12,31,0,0,59,294,12,21,234,12,29,129,15,28,71,74,50
27974,498,44,50,45,49,86,59,23,20,20,0,21,50,0,12,10,115,19,90,145,41,0,198,10,25,75,69,45
213422,495,69,179,114,155,325,864,60,108,93,59,57,102,30,16,60,438,64,93,387,39,35,331,15,38,118,98,80
267893,491,101,298,72,112,157,341,40,94,30,31,41,45,13,20,41,456,32,325,318,24,60,222,23,43,84,96,59
3031624,491,82,130,57,140,205,503,49,128,211,20,112,93,24,23,111,230,426,95,110,27,50,305,20,48,54,41,52
1890528,489,34,50,30,45,325,244,0,178,27,26,32,41,0,18,12,571,34,630,185,20,24,133,22,26,89,99,82
2194,484,58,98,30,75,92,114,58,55,18,37,34,39,20,0,12,166,38,38,187,59,32,662,0,16,51,39,49
3018741,482,32,73,37,48,48,40,38,44,11,11,16,23,18,18,23,169,13,0,148,20,15,159,15,17,59,52,46
1643826,482,58,113,100,84,153,551,0,67,62,16,51,38,17,0,35,201,30,74,98,21,0,249,0,17,32,37,23
85017,481,106,214,108,130,672,2396,26,112,103,28,105,53,17,28,60,70,75,158,63,53,0,160,10,0,35,32,41
3423719,480,98,175,108,113,312,652,35,104,33,30,34,78,18,19,41,100,10,47,145,63,68,232,49,73,67,71,46
188711,480,44,52,30,31,51,63,15,16,21,19,19,42,0,20,14,181,14,0,100,28,11,203,14,18,31,33,24
29202,479,66,93,107,151,149,540,26,235,114,19,69,93,24,49,39,432,23,187,312,47,41,259,20,42,171,111,135
213119,477,91,124,39,52,73,124,32,57,65,21,39,67,15,10,38,280,72,15,190,34,59,153,15,78,94,57,57
2008794,474,92,192,180,217,743,2359,50,112,152,24,76,64,18,24,94,141,29,210,148,38,24,205,19,40,98,110,78
135617,473,50,118,56,70,128,188,15,28,19,17,30,37,0,0,14,117,20,17,160,16,29,168,15,38,50,33,40
134623,471,52,81,76,82,197,993,19,67,75,11,40,66,0,15,163,2105,13,220,103,20,16,155,20,31,32,27,30
868,470,0,20,0,0,41,120,0,14,0,0,0,0,0,0,11,35,0,142,39,0,0,41,0,0,23,11,0
2931039,465,122,185,76,148,111,169,0,38,45,45,64,62,10,0,21,187,58,27,226,70,25,344,14,21,75,57,38
263369,461,24,54,47,61,77,91,11,0,0,0,20,78,0,14,0,34,14,15,107,25,19,129,12,17,19,25,12
224379,459,159,161,55,80,101,291,41,70,45,42,62,47,22,0,14,60,32,0,54,44,23,144,31,20,51,19,25
1853231,444,98,139,36,45,66,113,40,52,22,57,54,62,16,15,32,155,30,18,171,50,0,137,12,17,59,58,60
1914233,443,112,149,128,177,434,1039,38,95,69,40,103,134,23,20,70,126,25,251,145,69,25,205,15,16,68,62,40
2946158,443,0,0,0,0,0,0,0,0,0,0,0,0,0,0,0,0,0,0,0,0,0,0,0,0,0,0,0
1890436,426,55,80,40,52,459,205,34,274,30,31,21,27,21,22,26,287,35,47,209,35,49,149,36,64,120,144,102
1892261,423,0,21,26,28,161,110,0,74,0,15,0,0,0,0,35,136,0,33,107,18,11,118,19,17,31,73,20
1955043,419,0,0,0,0,294,291,0,81,0,0,0,0,0,0,0,0,0,0,94,0,0,0,0,10,51,51,23
3402413,419,23,29,89,121,200,518,16,43,30,0,24,42,0,0,28,212,10,66,101,16,0,144,0,11,58,48,27
10501,415,38,48,20,20,22,14,62,82,23,24,11,40,35,18,15,210,17,17,141,12,0,44,16,41,45,38,26
1937961,406,38,101,43,75,54,166,0,58,0,16,16,13,0,0,25,108,0,0,75,24,0,187,0,0,27,30,15
1501348,403,63,119,31,64,53,48,0,70,0,19,35,25,17,29,62,640,16,10,131,15,11,122,22,0,58,69,50
1903416,398,20,86,61,69,78,119,13,15,23,0,11,15,0,0,38,234,0,0,192,0,0,203,0,0,48,49,36
1331809,398,13,88,28,52,82,326,35,287,11,0,0,13,13,0,0,45,0,24,107,0,55,165,18,43,36,37,34
1491775,397,43,98,25,23,39,26,43,63,11,17,15,58,33,16,14,148,13,15,234,51,41,261,0,15,48,47,65
3424642,392,0,0,0,10,0,0,0,0,0,11,0,0,0,0,0,0,0,0,24,0,0,0,0,0,0,0,0
36734,391,30,53,22,33,34,14,30,30,0,0,11,38,12,0,14,46,0,0,35,15,16,63,0,12,59,28,29
742845,390,27,38,20,45,68,697,14,15,23,45,17,0,15,0,26,160,10,634,69,11,20,108,0,15,20,20,15
2162846,388,58,101,30,49,29,47,61,70,18,18,28,96,36,0,15,77,10,40,144,55,12,112,0,28,29,17,28
3064797,383,95,91,63,78,198,415,41,59,18,31,44,417,12,0,26,177,19,54,519,59,37,264,11,23,47,52,39
90627,377,22,52,38,51,134,254,18,48,45,11,24,17,11,0,23,41,13,50,91,11,22,108,0,17,47,40,40
213121,376,58,99,62,99,135,243,19,36,84,10,38,28,0,0,30,81,27,186,109,10,13,175,0,20,85,46,51
1643948,374,41,62,26,48,22,19,55,80,15,19,15,15,32,11,0,101,10,0,76,26,19,44,16,20,17,16,0
171551,373,83,111,56,80,164,206,24,37,29,23,31,58,0,0,35,172,22,311,98,37,25,167,0,37,32,42,27
1647988,373,33,37,64,80,71,260,31,57,24,0,14,22,0,12,52,216,12,36,200,17,40,240,28,37,87,89,65
1652132,373,29,45,62,56,71,74,62,83,27,14,15,20,23,0,44,234,10,0,180,18,27,173,14,19,46,39,25
558314,369,15,33,0,11,0,14,0,0,0,0,0,22,0,0,23,53,0,0,60,0,0,34,0,0,23,14,0
2772226,366,20,45,26,39,81,372,12,39,67,0,17,15,0,19,0,100,18,25,49,0,16,69,0,0,43,13,13
474943,366,52,63,46,60,86,98,37,64,0,17,20,62,30,0,20,91,13,10,80,54,0,151,15,0,53,34,21
2303507,363,22,44,121,138,1129,334,21,618,31,10,11,28,0,0,37,501,10,48,68,16,0,100,0,0,38,31,48
2093822,362,42,42,0,16,0,39,27,16,11,0,0,0,11,0,10,87,0,23,44,0,0,58,0,14,23,21,22
1892251,358,48,63,98,59,590,586,20,316,48,15,46,166,11,0,40,272,30,152,190,14,26,159,0,0,75,100,68
2831100,355,53,213,92,127,787,1119,40,111,95,0,43,43,35,12,72,199,13,251,264,19,11,126,15,50,91,89,68
2811504,355,42,56,0,21,34,23,0,17,23,22,20,56,0,0,0,26,22,0,158,46,36,124,0,14,49,47,32
74712,355,34,77,34,54,222,680,23,68,32,12,31,38,18,11,45,173,16,80,130,31,11,51,11,16,40,25,37
224467,353,11,49,56,74,81,62,11,0,0,0,0,10,0,0,17,211,0,44,703,10,0,137,0,27,96,55,37
2844866,348,89,192,59,151,490,855,83,101,52,16,35,107,0,0,31,250,20,87,136,70,70,228,30,60,50,43,48
45404,340,33,88,75,82,241,443,0,52,25,10,22,35,0,0,24,104,20,79,70,15,14,104,14,10,29,31,21
3385906,338,130,495,108,157,1295,1760,26,145,243,21,63,56,38,11,70,161,31,259,99,24,19,239,18,34,78,65,90
2812006,337,41,84,55,92,108,246,15,73,23,23,33,78,16,0,22,309,21,25,186,90,21,155,14,34,95,63,49
83676,334,55,110,99,126,315,928,23,76,61,22,54,39,15,11,37,111,19,98,112,22,0,487,12,25,58,43,27
2942963,334,0,0,0,0,10,11,0,0,0,0,0,0,0,0,0,0,0,0,0,0,0,0,0,0,0,0,0
335928,333,129,400,82,133,1114,1682,39,152,106,13,85,77,67,18,137,561,15,419,174,28,15,144,29,51,75,90,82
3044472,331,12,15,14,22,81,72,17,21,0,0,0,0,12,0,0,15,0,23,124,0,0,69,0,17,54,22,22
92713,327,32,43,68,107,83,77,25,35,0,0,17,59,15,15,20,113,12,0,139,41,16,392,12,13,33,67,22
2691359,326,27,44,155,164,317,1656,35,96,75,28,61,51,13,0,47,237,21,326,218,27,28,246,14,27,70,80,62
1663426,324,0,18,0,12,18,28,0,0,0,0,0,0,0,0,0,0,0,55,25,0,0,10,0,0,0,14,0
3421337,322,22,36,33,43,40,38,44,70,0,0,11,15,20,0,50,213,19,20,107,0,30,134,0,22,58,46,30
2886822,320,47,77,32,81,90,218,10,32,56,0,41,72,0,0,38,133,15,58,149,47,53,259,29,37,70,45,38
224027,320,55,69,10,16,98,68,42,43,14,0,24,14,21,18,0,22,17,11,61,0,27,64,10,15,43,27,42
85016,318,70,145,166,159,607,2138,44,155,133,15,74,84,22,20,63,104,29,225,110,53,15,187,17,20,40,125,41
45401,314,60,147,100,75,578,1393,13,144,82,15,43,83,0,11,40,177,34,381,170,24,27,120,19,16,57,46,49
3044473,314,0,0,0,0,0,0,0,0,0,0,0,0,0,0,0,0,0,0,13,0,0,0,0,0,0,0,0
1763524,312,77,131,187,224,356,3162,45,243,192,33,84,80,31,19,49,136,38,208,144,53,16,168,12,17,65,48,33
85020,306,30,104,81,97,238,843,0,54,87,28,46,46,16,0,90,131,23,179,117,32,0,83,0,13,34,24,27
3152140,306,70,74,0,0,0,0,0,0,0,19,26,70,0,0,0,0,19,0,35,53,0,14,0,0,15,20,11
2692416,304,20,20,0,16,22,28,11,18,0,0,0,20,0,0,0,56,0,0,55,0,0,106,0,0,0,0,13
69657,303,34,135,55,86,226,618,0,104,28,13,27,51,0,0,32,137,12,57,158,15,0,129,0,46,57,80,62
10240,303,110,119,52,81,78,44,42,46,0,21,43,55,20,13,13,97,10,15,242,44,23,292,22,13,22,36,20
188709,302,55,65,49,80,134,98,28,53,0,16,15,26,22,11,27,178,16,608,210,21,16,138,11,12,61,51,38
3078917,297,31,53,27,49,62,69,62,90,24,12,16,34,28,13,0,37,18,11,82,26,14,123,0,14,36,45,27
2005473,295,31,49,35,61,73,80,0,13,0,0,15,15,0,0,14,63,0,14,72,13,46,188,21,31,40,41,22
2762306,293,60,151,71,455,362,1027,535,416,34,16,29,68,16,15,966,3420,17,95,775,37,112,213,33,117,131,336,120
909930,293,0,27,16,16,52,55,0,0,0,0,10,15,0,0,12,70,11,49,96,0,0,93,0,12,63,74,60
2934961,293,44,71,41,47,692,429,53,238,50,21,42,44,41,50,25,231,32,80,145,38,34,164,14,46,67,66,53
31993,291,62,151,133,187,500,762,31,78,60,17,35,31,19,33,53,205,22,128,92,38,15,175,0,29,54,41,82
186821,289,44,72,40,55,219,155,0,0,0,0,20,10,0,0,13,43,16,2717,155,0,19,95,0,10,20,36,19
2808923,288,0,84,0,0,16,22,0,0,0,0,0,0,0,0,0,0,0,0,0,0,0,18,0,0,0,0,0
2483367,287,31,43,0,0,42,93,0,0,0,0,24,22,0,0,0,82,0,36,51,18,12,54,0,0,31,21,0
717964,287,57,55,11,39,60,43,28,34,0,16,19,39,13,0,17,145,0,0,142,17,13,114,25,17,38,25,32
225058,284,40,76,29,58,130,299,19,31,32,10,27,47,0,0,37,130,29,102,118,27,30,263,0,0,49,34,38
3082771,284,22,16,25,37,63,80,0,0,10,0,14,12,0,0,0,25,23,28,101,0,0,104,0,0,20,11,0
2236,284,34,69,34,49,110,336,20,37,24,0,18,91,12,0,12,44,10,24,23,22,15,89,0,19,40,21,15
1890428,281,30,48,37,80,790,290,30,403,33,12,30,68,15,37,28,174,0,46,116,31,28,169,0,13,48,62,56
570265,281,13,23,0,0,13,38,0,0,0,0,0,0,0,0,0,27,11,13,14,0,0,71,0,0,14,0,12
1890464,278,23,38,13,34,310,171,10,109,14,0,0,12,0,0,0,101,15,35,101,21,24,68,0,11,45,20,19
68298,276,0,27,18,14,45,33,18,26,0,0,0,19,11,12,0,101,18,11,95,11,0,70,10,16,52,14,22
1890500,274,45,63,60,54,243,497,0,115,19,16,59,82,0,17,18,104,58,233,88,41,20,101,12,19,27,37,15
2232,274,83,73,40,75,36,53,11,13,0,18,35,32,0,0,34,275,18,22,112,39,13,207,0,0,56,25,40
2005519,269,45,60,56,92,135,149,30,39,0,14,22,37,0,20,12,148,14,15,211,25,25,150,0,0,55,44,49
1202464,269,17,41,10,20,22,49,30,48,18,17,16,18,18,0,0,23,12,12,41,17,64,75,16,76,20,32,0
2791015,267,60,53,28,38,48,39,12,22,0,15,19,27,0,0,20,141,0,49,46,16,24,219,10,16,10,16,0
1890429,267,49,121,45,51,1231,253,16,375,10,18,43,50,18,0,50,794,27,51,171,45,24,189,20,21,90,111,64
1706372,266,40,88,172,164,273,2040,36,210,206,31,97,115,17,18,85,261,31,215,105,68,40,617,20,41,50,18,44
90142,266,0,0,15,26,48,31,48,57,13,0,0,0,19,10,25,181,0,0,174,39,14,97,0,12,44,49,44
3067276,265,48,109,94,103,208,705,13,75,90,15,52,54,0,11,54,149,18,70,51,33,22,91,15,32,30,23,21
53434,263,0,26,70,76,34,58,24,26,22,0,0,33,12,12,20,226,0,162,97,0,24,204,0,30,16,44,40
2975520,263,15,39,42,40,42,30,46,59,15,21,12,32,24,16,30,59,0,18,75,26,25,81,0,14,23,48,22
3076164,260,15,29,0,0,0,0,0,0,0,0,0,12,0,0,0,86,0,0,33,0,0,29,0,0,0,0,0
2066491,255,51,72,23,19,125,205,33,81,20,18,23,20,11,11,11,37,12,23,39,22,66,70,45,55,31,37,0
2946160,252,42,118,94,58,89,113,35,112,55,11,22,65,21,45,119,286,14,312,113,11,83,152,18,18,56,54,47
41295,251,217,645,101,176,1814,1469,42,146,92,15,60,54,59,14,76,326,12,189,138,26,57,158,32,30,113,78,101
2748673,251,17,22,27,37,18,16,21,27,11,12,11,20,13,0,0,12,0,0,15,11,38,34,0,0,13,0,13
3152113,251,83,30,37,255,51,38,17,17,0,25,16,37,0,0,45,22,16,0,92,0,10,81,0,0,55,24,29
1783343,250,0,15,15,19,39,25,0,0,0,0,0,0,0,0,0,155,0,0,39,0,13,44,0,0,24,15,10
292628,250,28,44,39,41,59,62,0,16,0,10,11,15,0,0,0,37,23,16,139,34,12,379,0,0,52,35,23
196137,249,22,34,38,52,62,49,14,21,0,0,0,17,0,10,11,66,10,0,112,26,0,108,0,10,47,48,35
3423718,244,128,310,122,126,817,2354,97,257,76,0,65,55,18,21,61,255,33,171,144,33,50,624,14,38,82,60,55
189779,239,73,138,45,33,125,275,22,34,31,16,36,102,11,0,20,49,43,109,160,68,19,152,20,15,78,77,45
3118657,239,24,56,10,29,37,40,0,10,0,0,0,37,0,0,0,12,0,0,52,26,101,375,12,24,33,10,11
255472,237,0,0,0,0,14,11,10,0,0,0,0,12,0,10,56,612,0,0,75,10,0,56,0,0,37,17,13
995019,233,0,0,28,61,46,90,0,13,0,71,0,251,0,0,19,39,0,23,96,10,54,73,0,0,118,87,23
3375061,232,14,19,26,27,89,435,0,21,18,0,0,16,0,0,29,314,11,39,48,0,19,90,24,19,35,26,23
2211325,231,18,36,128,178,167,446,0,36,19,34,28,37,0,0,14,44,21,64,32,26,30,121,35,35,0,0,0
3118652,230,39,54,10,21,38,17,21,26,0,0,11,30,0,0,12,0,0,0,40,26,0,62,0,15,21,12,0
267892,223,21,77,54,76,95,272,0,38,77,11,16,34,0,0,21,139,0,23,191,19,14,96,0,0,13,0,12
633392,223,37,74,167,133,473,2444,12,136,124,0,91,79,0,0,50,93,21,366,39,16,11,111,12,31,13,18,28
2942966,221,0,10,14,17,20,17,0,11,0,0,0,0,0,0,0,0,0,0,77,0,0,66,0,12,36,18,20
3039168,220,0,10,0,0,53,80,15,23,0,0,0,0,0,0,0,69,0,35,82,0,18,39,0,18,22,0,0
1511852,219,27,47,0,17,0,0,23,22,0,0,17,11,0,0,0,42,17,0,43,0,10,15,10,19,14,16,0
3018589,214,0,14,0,11,81,175,14,28,12,0,0,0,11,0,11,92,0,0,52,0,27,72,0,0,0,14,0
3079746,213,20,31,0,0,115,94,0,74,0,18,21,20,0,0,0,117,0,24,27,12,11,32,0,0,0,0,0
255475,211,68,347,109,140,1312,1974,45,128,109,11,48,49,14,0,77,202,15,178,97,34,20,180,42,55,51,118,65
203488,211,19,22,32,37,30,20,0,12,0,0,0,18,0,0,0,16,0,0,40,0,0,78,0,0,37,21,19
2983189,210,21,41,86,70,227,1087,40,101,69,0,45,49,18,13,34,101,17,149,454,13,24,145,20,16,25,36,33
85030,209,38,58,38,48,215,796,0,96,55,16,26,23,0,0,40,42,14,457,63,0,12,59,0,13,60,19,24
1937960,208,63,59,33,46,50,162,49,53,20,15,19,33,20,16,13,110,31,16,55,34,0,71,0,12,0,17,13
1127830,203,78,115,0,15,0,15,0,19,0,26,25,92,0,0,0,64,31,0,71,62,26,33,0,0,52,38,32
3118655,203,33,95,0,29,26,28,25,52,0,0,19,28,29,0,24,184,11,17,136,16,37,91,16,0,44,38,22
10486,203,42,52,0,0,39,36,0,0,0,16,23,23,0,0,27,85,10,0,40,21,0,55,0,11,22,26,12
510685,202,0,11,0,20,45,79,0,13,0,0,0,17,0,11,0,14,0,0,23,0,49,60,12,38,0,0,0
1970190,201,38,58,20,65,27,29,31,18,10,0,20,15,0,0,0,72,0,0,124,34,28,67,47,49,36,66,53
2202724,201,0,0,0,0,0,0,0,0,0,0,0,0,0,0,0,21,0,0,28,0,12,25,0,16,11,12,0
2946505,200,0,18,0,30,15,22,0,0,0,0,0,0,0,0,0,65,0,0,61,0,0,0,0,0,18,0,0
558415,199,23,38,13,28,67,86,19,19,0,0,0,24,10,0,14,61,0,13,113,16,0,30,0,24,49,37,21
1962854,199,29,49,0,28,22,20,0,0,0,16,17,64,0,0,13,55,0,0,60,22,0,28,0,0,30,23,0
1643824,198,16,19,17,16,75,291,31,65,24,32,17,97,20,17,27,172,29,37,79,66,13,96,0,18,50,56,35
666507,197,15,16,30,24,123,813,15,35,30,0,14,34,0,0,16,67,12,29,55,0,0,236,17,13,11,22,16
224372,196,116,401,713,802,726,1826,162,682,77,0,34,23,0,0,53,235,32,124,380,0,0,117,0,0,20,22,15
1706375,194,55,98,46,97,106,470,636,80,49,0,35,79,11,0,38,152,28,21,116,59,24,69,17,47,65,45,46
1077264,193,0,10,0,0,0,12,0,0,0,0,0,21,0,0,0,0,0,0,0,24,0,10,0,0,0,0,0
2844881,191,31,62,0,0,10,34,0,0,0,0,0,21,0,0,27,98,0,0,59,0,16,53,0,0,14,0,0
2867375,190,50,55,16,18,24,37,12,14,0,0,18,39,0,0,0,18,0,0,44,20,15,73,0,10,17,15,0
568386,187,58,97,71,210,259,764,18,44,43,21,45,43,0,0,46,187,16,56,82,18,0,87,0,0,17,0,18
75787,187,26,100,62,69,271,934,20,67,87,0,44,45,13,10,28,58,14,108,67,34,23,87,0,26,38,52,26
2951104,186,31,67,15,15,33,38,26,35,0,12,11,42,10,17,11,115,13,0,31,30,0,76,0,0,17,23,13
1890498,185,12,13,50,36,215,516,0,50,10,0,27,11,0,37,35,193,21,215,139,0,11,121,0,0,69,39,34
1042322,184,0,11,0,0,42,114,0,0,0,0,0,12,0,0,0,69,0,22,13,0,0,16,0,0,0,0,0
655351,181,64,245,12,24,114,191,12,82,24,10,14,39,0,0,71,494,0,98,338,13,24,83,11,11,298,238,164
2042895,180,23,53,0,23,0,15,0,0,0,0,12,23,0,0,27,144,10,29,95,10,18,93,19,37,106,41,35
649777,179,25,50,10,17,21,80,0,0,0,0,25,51,0,0,0,11,22,21,28,40,0,16,0,0,0,18,0
1920240,178,25,105,63,76,117,106,28,51,35,15,12,42,18,0,33,217,11,13,88,27,19,123,0,24,30,31,27
3031464,176,0,0,0,0,15,13,11,20,10,0,0,0,10,0,0,53,0,0,30,0,0,13,0,0,22,0,0
92712,175,26,30,29,30,29,34,0,0,21,0,16,40,0,12,20,93,25,0,79,49,0,106,0,0,50,39,31
3118654,175,26,81,0,18,22,19,18,26,0,0,0,16,0,0,0,25,12,0,11,12,0,37,0,11,0,0,0
3085097,175,15,30,37,52,80,174,14,40,19,0,11,33,0,0,0,121,0,52,125,21,15,69,0,20,24,17,33
1890431,172,0,28,30,31,129,96,0,50,0,0,11,19,0,0,33,79,0,13,73,13,0,39,0,15,28,22,30
1779135,172,61,73,39,33,65,255,0,19,23,15,20,77,0,0,0,22,16,41,55,44,0,33,0,0,26,19,13
1185407,169,10,25,12,17,25,18,0,15,0,0,0,37,0,0,0,0,0,0,38,11,0,36,0,0,12,12,15
2983183,166,30,43,66,54,176,629,0,47,47,15,27,40,0,0,16,18,14,119,27,17,0,68,0,0,15,12,23
46630,163,0,0,0,12,0,0,12,14,0,0,0,0,0,0,0,0,0,0,0,0,0,0,0,0,0,0,0
2823145,162,32,49,21,33,90,68,0,49,17,0,19,43,0,0,22,83,10,10,29,24,11,59,0,34,18,81,49
2844403,162,135,1126,100,141,1696,1907,34,181,183,0,66,35,106,28,112,41,0,68,28,37,10,78,0,20,101,91,181
2066434,162,61,371,71,117,1152,1130,52,113,75,0,40,31,34,12,39,124,15,98,25,23,21,92,0,31,49,44,48
1328881,157,12,17,67,104,98,77,0,18,12,0,0,0,0,0,11,81,0,0,106,0,12,97,0,21,39,56,38
2008793,156,26,63,114,155,327,609,22,58,58,29,24,45,17,0,37,242,17,43,101,48,0,152,0,15,59,34,29
2267,155,56,55,19,30,38,50,23,31,17,0,12,20,10,0,18,73,0,22,277,46,23,106,11,20,45,110,35
1769717,153,23,34,0,0,0,0,0,0,0,0,0,0,0,0,0,0,0,0,30,0,0,23,0,0,0,0,0
2770092,150,0,24,19,25,23,23,30,35,0,0,12,27,15,0,21,97,11,18,82,11,0,68,11,0,72,27,36
2829814,149,66,144,59,47,761,1012,0,71,101,0,39,30,14,0,16,39,0,87,18,0,11,69,11,0,18,27,15
1182,144,12,24,37,35,160,119,15,80,0,0,11,42,0,0,56,638,18,33,5815,29,25,78,12,22,175,95,106
2847776,143,71,61,65,110,100,77,0,0,0,25,26,32,0,0,0,0,21,13,41,14,0,1198,13,0,15,10,15
1747776,143,12,0,0,0,15,15,0,12,0,0,0,0,0,0,0,41,0,0,82,0,0,32,0,0,51,31,15
2858885,142,48,58,26,18,30,51,0,14,0,14,17,17,0,0,13,138,19,0,122,11,0,117,0,0,44,40,24
3056374,140,10,12,21,28,40,235,0,18,0,0,11,0,10,0,11,138,0,0,31,0,0,50,0,0,0,19,24
255474,139,71,110,57,71,234,445,15,37,19,10,30,27,0,0,37,185,19,28,38,11,65,159,12,29,23,0,11
2560065,139,36,43,57,74,50,32,22,34,10,0,18,16,21,0,19,89,0,15,272,0,17,210,18,17,64,76,32
2842329,139,23,43,0,0,78,82,0,29,0,0,10,15,0,0,0,104,0,0,60,54,0,92,0,0,34,29,0
3079756,138,0,16,28,34,265,200,10,115,12,0,0,0,0,19,24,65,14,44,317,0,13,83,0,23,148,110,130
213421,137,39,59,47,75,149,399,10,35,40,14,40,31,0,0,26,28,36,48,50,10,21,50,0,0,19,20,17
2812024,136,0,13,0,16,11,67,0,0,11,0,0,0,0,0,0,30,0,16,26,0,16,22,0,13,10,0,0
2848916,135,22,70,18,24,10,0,36,34,19,0,0,30,24,0,18,470,14,56,124,19,0,39,0,14,36,31,41
85034,133,0,0,0,0,46,88,0,19,0,0,0,0,0,0,0,0,0,0,23,0,0,0,0,0,0,0,0
2945022,132,19,25,0,18,24,11,0,0,0,0,0,17,0,0,11,68,0,0,141,0,0,55,0,0,51,40,47
2800062,130,10,36,14,30,52,107,15,197,0,10,0,0,0,0,0,26,15,0,21,0,33,38,18,27,0,0,0
3072461,127,0,13,16,36,27,26,0,0,0,12,0,0,0,0,0,0,0,0,42,0,0,19,0,0,13,18,11
2974823,127,60,84,0,0,0,0,0,0,0,14,0,24,0,0,0,0,0,0,11,12,0,14,0,0,0,0,0
292630,126,22,40,0,21,13,31,0,12,0,0,0,19,0,0,0,112,0,17,104,19,10,45,0,17,22,22,11
227387,126,0,0,24,33,0,11,11,0,0,0,0,0,0,0,0,29,0,0,31,0,17,52,13,0,29,23,13
219687,124,19,15,39,32,125,541,19,57,47,0,27,22,0,0,29,153,0,40,32,0,15,45,0,18,0,0,0
1892255,124,33,55,31,29,147,135,0,125,0,0,19,14,0,28,23,158,19,37,29,0,32,37,0,27,0,16,0
3048035,123,0,0,0,0,0,0,0,0,0,0,0,0,0,0,0,11,0,0,23,0,0,33,0,0,0,0,0
1853227,122,46,91,81,58,137,441,13,35,25,0,25,16,0,0,10,42,0,35,24,0,0,17,0,0,0,0,0
3031665,122,0,0,91,119,29,115,0,0,0,0,14,0,0,0,10,17,0,15,34,0,0,71,0,0,14,0,14
191394,122,15,12,0,12,13,17,0,0,13,0,0,0,0,0,0,23,0,18,81,0,0,44,0,11,45,22,17
3373482,122,0,0,0,0,0,0,0,0,0,0,0,0,0,0,0,178,0,0,55,0,0,0,0,0,14,11,0
2731691,122,13,0,0,0,0,0,0,0,0,0,0,22,0,0,0,0,10,0,96,0,0,41,0,0,0,0,0
1777752,121,0,14,60,126,63,40,16,18,12,16,0,16,0,0,0,118,0,11,28,11,63,79,30,44,10,0,0
3120698,120,21,71,0,24,54,216,0,26,25,0,20,37,0,0,0,69,0,12,14,16,0,73,10,0,0,0,0
3044455,120,0,0,0,0,0,0,0,0,0,13,0,0,0,0,0,0,0,14,0,0,0,76,0,0,0,0,0
566277,119,28,39,17,28,24,38,0,0,0,0,21,18,0,0,0,16,0,0,30,11,0,33,0,0,12,18,13
85031,119,17,14,22,24,86,218,0,10,18,0,35,0,0,0,13,19,27,35,52,25,0,34,0,0,31,19,11
3457296,117,19,52,14,12,30,53,0,15,16,0,15,22,0,0,0,24,0,0,64,0,62,68,15,42,11,17,19
191033,116,0,12,14,30,22,95,14,33,11,0,0,0,21,0,12,111,0,0,20,10,0,96,0,22,0,0,0
3399796,116,20,25,44,34,23,13,0,0,0,0,0,0,0,0,0,26,0,0,12,0,10,28,0,0,11,0,0
2760872,116,27,53,0,0,20,21,0,0,0,11,10,18,0,0,0,30,16,12,51,13,0,0,0,0,25,26,0
340080,116,36,66,0,22,34,22,0,0,0,10,26,34,0,0,0,0,11,0,25,0,0,18,0,0,11,22,0
255527,115,44,48,44,46,72,130,0,13,16,0,16,0,0,0,15,99,0,11,58,34,18,67,0,21,17,20,0
3142785,115,75,105,11,13,75,103,0,10,0,13,30,44,0,0,0,13,23,24,36,28,0,18,0,0,0,0,0
2600303,115,12,34,46,51,117,456,0,35,35,0,30,18,0,0,30,89,0,77,46,0,0,25,0,0,16,13,0
533207,114,0,29,0,23,78,216,10,22,14,0,0,0,0,0,14,29,0,12,30,0,0,14,0,0,21,10,0
213116,113,20,23,26,28,56,80,0,13,18,0,10,0,0,0,0,32,11,18,0,14,0,53,0,0,0,0,0
3085642,113,0,24,0,0,45,26,18,28,15,0,10,46,11,0,38,213,0,0,52,40,12,21,0,0,29,37,38
3024551,112,48,60,32,102,90,153,13,27,19,0,14,23,0,18,15,136,0,42,211,0,0,151,0,0,19,32,23
114378,112,43,52,0,22,43,30,0,0,0,17,21,31,0,0,0,38,0,0,82,11,13,97,0,0,21,17,20
1331736,111,14,25,12,31,135,485,50,77,15,0,0,0,26,13,0,23,0,31,14,0,0,24,0,0,13,0,0
3423714,110,48,103,40,43,330,798,44,100,40,17,17,0,14,0,30,100,0,53,20,15,0,26,0,0,17,0,0
3444226,109,0,0,31,45,77,195,0,0,0,0,0,0,0,0,0,0,0,29,0,0,0,140,0,0,0,0,0
742031,108,0,13,19,32,50,172,0,22,34,0,0,0,0,0,0,10,0,12,38,0,0,18,0,0,0,0,0
84107,108,19,22,0,0,41,125,0,15,13,0,18,0,0,0,0,22,0,14,24,0,0,17,0,0,0,0,0
2807496,107,65,69,18,39,88,62,19,17,0,18,32,54,11,0,0,32,15,0,84,0,0,79,0,0,43,0,0
2881378,107,0,39,15,23,2998,168,0,240,12,0,17,0,0,16,13,11,0,32,41,0,15,76,0,12,25,24,15
3424659,107,0,0,0,0,0,0,0,0,0,0,0,0,0,0,0,0,0,0,24,0,0,0,0,0,0,0,0
1813606,105,28,55,0,0,33,81,0,15,0,0,15,26,0,0,18,129,15,0,106,23,0,73,0,13,34,11,17
1055686,105,0,0,47,45,95,852,0,33,35,0,22,17,0,0,22,17,0,49,48,0,0,27,0,0,16,0,16
1508635,105,14,41,62,61,294,270,0,0,0,12,0,23,0,0,0,0,0,44,18,22,0,58,0,20,14,0,0
3132029,104,0,0,11,47,29,20,0,0,0,0,0,0,0,0,0,0,0,25,10,0,0,12,0,0,0,0,0
2494208,104,0,0,0,0,18,48,0,0,0,0,0,0,0,0,0,0,0,13,21,0,0,14,0,0,14,0,0
641876,103,50,43,16,33,22,28,0,17,0,15,10,29,10,0,0,19,20,0,44,19,0,44,0,11,16,19,0
145357,103,22,46,48,44,88,325,0,35,17,11,26,23,0,0,12,40,12,62,53,14,0,31,0,0,14,0,0
2975259,102,0,21,0,0,17,87,11,49,0,0,0,0,0,0,0,12,0,0,56,10,0,49,0,0,22,18,0
543372,102,0,16,0,0,0,0,0,10,0,0,0,10,0,0,0,11,0,0,18,0,12,48,0,0,0,0,0
3424637,102,0,0,0,19,21,22,0,0,0,0,0,0,0,0,0,0,0,0,0,0,0,34,0,0,0,0,0
1692041,101,0,20,19,21,89,354,0,25,32,0,14,18,0,0,13,35,0,24,68,0,0,50,0,0,21,23,0
204431,101,0,0,0,0,0,0,0,0,0,0,0,0,0,0,0,26,0,0,36,0,16,11,0,0,0,21,18
3085657,101,0,0,0,0,18,12,0,0,0,0,0,0,0,0,0,49,0,0,125,19,0,44,0,0,0,11,0
3085096,100,14,28,15,0,0,43,0,0,0,0,0,0,0,0,0,48,0,0,20,10,10,18,12,10,0,0,0
2303527,99,29,59,26,49,482,112,17,313,0,19,13,29,0,0,0,13,0,11,67,10,0,60,0,0,28,46,17
3046368,98,0,0,0,0,44,32,0,0,0,0,0,0,0,0,0,0,0,0,25,0,0,34,0,0,13,12,10
3031658,96,38,34,0,14,20,19,17,28,0,0,0,23,0,0,0,10,15,0,0,15,0,54,0,10,0,0,0
2603433,95,0,21,0,10,18,16,0,0,0,0,0,0,0,0,0,0,0,0,11,12,0,56,0,0,0,0,0
2803844,95,11,10,10,12,63,206,0,15,16,0,0,0,0,0,10,10,0,52,22,0,0,162,0,0,0,0,0
2805416,95,0,10,13,12,40,144,0,14,13,0,0,0,0,0,20,30,0,25,23,0,0,126,0,0,0,0,0
85033,94,19,33,0,0,69,111,0,0,0,0,0,0,0,0,0,36,0,0,0,0,0,0,0,0,0,0,0
2272,94,29,46,11,29,24,37,13,10,0,0,18,0,0,0,28,134,0,16,126,0,12,111,13,20,73,74,40
3031145,93,14,72,31,29,254,216,0,21,0,0,0,0,11,0,0,12,0,0,0,0,0,11,0,0,13,0,13
3079743,93,23,47,14,14,121,49,0,83,10,22,17,30,0,0,11,95,11,0,35,30,0,31,0,0,14,13,12
3044476,93,29,29,11,16,34,18,0,0,0,17,0,16,0,0,0,15,20,0,46,14,10,26,0,0,31,31,14
449719,92,0,22,0,11,62,165,13,38,17,0,0,0,12,0,14,39,0,15,39,0,16,41,0,17,16,10,0
2562244,92,23,20,0,14,14,13,10,21,0,0,0,13,0,0,0,0,0,0,22,16,0,44,0,0,24,19,11
3039986,92,15,71,0,21,2157,215,0,277,0,10,11,18,17,0,0,50,0,14,10,22,0,36,0,0,35,42,49
2501967,92,0,12,0,0,0,0,0,0,0,0,0,0,0,0,0,0,0,0,16,0,0,0,0,0,0,0,0
3033994,91,0,19,14,28,20,113,0,22,0,0,0,17,0,0,12,96,0,0,30,0,16,107,11,0,0,0,0
3088888,91,27,44,0,0,30,29,0,0,0,0,12,10,0,0,0,26,0,40,64,0,0,51,0,0,19,21,22
2138247,90,0,0,0,0,0,0,0,0,0,0,0,0,0,0,0,0,0,0,0,0,0,0,0,0,0,0,0
2945019,89,34,47,18,27,12,20,17,16,0,24,21,47,12,0,17,142,10,0,150,30,0,51,0,0,58,44,34
2786988,88,0,14,0,0,0,0,20,32,11,0,0,0,11,0,22,198,0,18,124,0,15,27,0,0,36,23,26
2805590,87,32,80,89,62,238,792,0,45,67,10,17,61,0,0,26,47,17,218,181,12,18,85,21,21,53,45,31
2945020,86,14,19,0,10,0,0,0,0,0,0,0,14,0,0,10,51,0,0,90,0,0,32,0,0,35,30,10
3031144,85,45,215,28,42,532,487,0,43,44,0,13,0,12,18,25,37,0,59,14,0,0,15,0,0,0,17,40
1921783,85,0,0,0,0,24,219,0,0,0,0,0,0,0,0,0,0,0,0,0,0,0,0,0,0,0,0,0
2805400,84,0,0,0,0,17,65,10,16,0,0,0,0,0,0,0,0,0,0,0,0,0,0,0,0,0,0,0
568247,84,10,0,0,0,0,0,0,0,0,0,0,0,0,0,0,0,0,0,0,0,0,0,0,0,0,0,0
1524215,82,15,31,47,37,155,862,0,45,54,0,38,18,0,0,20,44,11,93,13,0,0,53,0,0,11,0,15
2937911,82,0,0,0,0,0,16,0,0,0,0,0,0,0,0,0,10,0,0,24,0,0,14,0,0,13,19,0
2448023,82,21,23,191,126,377,2166,0,128,101,0,77,78,0,0,60,28,10,270,15,11,0,62,0,19,27,18,12
2690158,81,0,0,0,0,0,23,19,27,0,0,0,0,0,0,0,0,0,0,0,0,0,26,0,0,0,0,0
2897176,80,26,48,13,12,60,176,0,20,15,0,20,11,0,0,14,14,20,41,14,0,0,21,0,0,0,0,0
84997,80,0,33,32,40,84,248,24,70,38,0,14,0,0,0,20,27,0,143,39,0,0,695,0,0,15,18,11
3139177,80,0,0,0,0,0,0,0,17,0,0,0,0,0,0,0,24,0,0,41,0,0,26,10,0,10,0,0
11158,80,0,0,0,0,0,0,0,0,0,0,0,18,0,0,0,0,0,0,11,23,0,10,0,0,0,0,0
1980418,79,23,24,0,10,0,0,0,0,0,0,0,0,0,0,0,0,0,0,0,0,0,18,0,0,0,0,0
3039865,78,0,0,0,0,0,0,11,16,0,0,0,0,0,0,0,0,0,0,0,0,19,31,12,12,0,0,0
3078170,78,15,39,0,0,0,0,18,15,0,10,0,0,0,0,0,43,0,0,22,0,0,0,0,0,0,0,0
83763,77,16,23,22,27,19,18,0,0,0,15,0,23,0,0,0,28,0,0,68,0,0,179,0,0,27,10,10
31984,77,0,0,0,14,0,21,13,15,0,0,0,0,15,0,0,10,0,14,19,0,0,62,0,0,11,0,0
1969992,77,0,0,12,15,328,140,0,86,0,0,0,27,0,0,0,26,0,14,182,0,0,15,0,0,27,16,0
3238476,77,0,0,0,0,0,0,0,0,0,0,0,10,0,0,0,0,0,0,12,12,0,0,0,0,0,0,0
412032,76,0,81,0,0,24,39,0,43,0,0,0,0,0,0,43,232,0,0,26,29,0,63,0,19,0,0,0
944644,76,0,0,0,0,0,0,0,0,0,0,0,0,0,0,0,71,0,0,40,22,0,29,0,0,0,19,0
2685818,75,33,177,37,35,439,1041,0,38,37,0,16,26,0,0,15,303,0,56,18,17,0,32,0,10,18,0,11
1577788,75,0,11,0,17,11,0,14,29,0,0,0,30,0,0,0,0,0,10,15,0,0,15,0,0,0,0,0
1442156,74,0,0,0,0,11,17,0,0,0,0,0,0,0,0,0,0,0,0,15,0,0,10,0,0,0,0,0
2813951,73,21,35,18,23,32,98,14,21,0,10,12,47,0,0,28,125,10,13,21,13,19,110,13,36,0,13,0
685949,73,13,13,0,0,0,0,0,0,0,0,0,0,0,0,0,0,0,0,11,0,0,19,0,0,0,0,0
2008790,72,0,24,38,36,168,323,0,27,32,0,0,13,0,0,16,32,11,24,0,0,0,50,0,0,0,0,0
1890422,72,20,24,14,11,115,143,0,26,0,0,12,0,0,19,0,0,0,20,25,0,0,30,0,0,15,23,12
589343,71,0,0,14,93,46,60,0,15,0,0,0,0,0,105,0,28,0,59,0,0,0,13,0,0,0,0,0
2976354,71,0,0,0,0,18,67,36,57,0,0,0,0,13,0,0,0,0,18,17,0,0,15,0,0,0,0,0
3424635,71,0,0,0,0,0,0,0,0,0,0,0,0,0,0,0,0,0,0,0,0,0,11,0,0,0,0,0
2843305,70,17,74,16,27,318,384,0,28,24,0,0,10,0,0,15,31,0,58,0,14,0,20,0,0,0,13,11
1911603,70,0,0,0,0,0,0,0,0,0,0,0,0,0,0,0,0,0,0,0,0,0,0,0,0,0,0,0
2844864,69,99,512,64,83,976,1145,0,91,76,0,42,38,25,0,59,67,0,179,16,42,0,83,14,23,33,39,58
563843,69,15,22,23,23,77,315,0,35,31,0,14,0,0,0,21,136,0,18,34,0,0,19,0,0,0,21,10
3024158,69,0,14,0,0,0,28,0,0,0,0,0,0,0,0,0,16,0,0,23,0,0,34,0,0,12,10,0
3056649,69,12,40,44,40,93,406,14,39,41,0,17,10,0,0,26,19,0,32,46,0,0,35,0,10,11,24,17
485255,69,65,37,0,11,33,20,0,12,0,0,10,31,0,0,0,116,0,0,66,12,0,19,0,0,19,13,29
84994,68,0,16,0,0,23,68,0,0,0,0,0,0,0,0,0,0,0,0,13,0,0,229,0,0,0,0,0
3466454,67,36,92,13,15,178,336,0,28,26,0,0,45,0,0,18,11,0,20,18,58,64,13,25,40,14,14,11
2005523,67,0,17,22,14,0,22,0,16,0,0,0,0,0,0,15,58,0,0,72,0,12,41,0,0,51,36,25
85018,67,13,14,0,10,27,53,0,0,0,0,0,18,0,0,0,0,0,12,20,0,0,0,0,0,13,13,20
143067,67,0,0,0,10,16,13,0,0,0,0,0,0,0,0,0,59,0,0,14,0,0,18,0,0,10,13,0
3120710,65,0,11,19,27,0,26,16,16,12,0,0,47,0,0,0,14,0,0,18,33,0,27,0,0,18,17,0
3121618,64,11,0,0,0,0,45,12,17,13,0,0,0,0,0,0,76,13,0,24,11,0,0,0,0,0,0,0
11270,64,18,13,10,0,0,0,0,0,0,0,0,12,0,0,0,23,0,0,0,0,0,39,0,11,0,0,0
2820280,63,26,84,36,65,384,763,13,58,40,0,19,10,0,0,31,122,0,73,18,0,0,60,0,0,25,20,15
990719,62,0,20,0,28,28,46,0,0,0,0,0,0,0,0,0,0,0,0,15,0,0,135,0,0,16,0,0
3040680,62,16,25,0,0,0,27,0,0,0,0,0,13,0,0,0,0,0,0,0,16,0,0,0,0,0,0,0
2942964,60,18,22,0,26,0,0,30,25,0,0,0,16,0,0,0,42,0,0,20,0,0,40,0,0,0,0,0
548682,60,0,0,0,0,0,0,20,29,11,0,0,0,10,0,0,28,0,0,14,0,0,12,0,0,0,0,0
3424644,59,0,0,0,0,0,0,0,0,0,0,0,0,0,0,0,0,0,0,0,0,0,30,0,0,0,0,0
2983162,58,0,0,0,0,16,64,0,0,0,0,0,0,0,0,0,0,0,12,0,0,0,13,0,0,0,0,0
332247,58,0,0,0,0,0,50,29,13,0,0,0,0,12,0,0,34,0,14,0,0,0,0,0,0,0,0,0
2946168,58,0,0,0,0,0,0,0,0,0,0,0,0,0,0,0,0,0,0,0,0,0,0,0,0,0,0,0
2946196,58,13,16,22,21,19,10,0,0,0,0,0,41,0,0,0,0,0,0,32,17,12,24,10,0,16,19,0
224464,57,13,18,27,30,77,770,11,30,43,0,0,14,0,31,0,62,0,24,0,0,0,21,0,0,0,0,0
145358,57,23,52,35,53,213,551,28,53,39,0,25,20,13,0,12,37,0,59,37,0,0,57,0,0,12,0,13
46659,56,35,38,15,22,10,0,0,0,0,11,17,0,0,0,0,40,13,0,67,0,0,53,0,0,27,23,0
85002,55,0,0,0,0,18,75,0,11,0,0,0,0,0,0,0,0,0,11,0,0,0,0,0,0,0,0,0
3079752,55,0,0,0,0,359,81,0,113,0,0,0,0,0,13,0,12,0,0,23,0,0,11,0,0,45,44,0
1495648,55,0,0,0,0,0,28,0,0,0,0,0,0,0,0,0,0,0,0,0,0,0,0,0,0,0,0,0
11118,55,0,0,0,0,0,0,0,0,0,0,0,0,0,0,0,0,0,0,22,0,0,0,0,0,29,12,0
2137278,54,0,31,11,10,208,233,0,15,0,0,11,0,0,0,12,13,0,22,0,0,0,0,0,0,0,0,0
125316,54,12,14,0,14,68,183,0,30,23,0,0,0,0,0,0,0,12,17,11,21,0,14,0,0,0,0,0
145360,54,0,22,14,0,50,197,0,11,13,0,31,16,0,0,0,29,0,61,17,0,0,0,0,0,0,13,0
2976758,54,20,17,12,0,31,146,0,16,0,0,0,0,0,0,0,78,0,15,14,0,0,21,0,0,0,0,0
3424634,54,0,0,13,29,0,0,0,0,0,0,0,0,0,0,0,29,0,0,0,0,0,0,0,0,0,0,0
2811505,53,18,35,0,0,0,10,0,0,0,10,0,0,0,0,0,21,0,0,13,22,0,19,0,0,13,0,0
2946186,53,0,0,0,0,0,0,0,0,0,0,0,0,0,0,0,0,0,0,12,0,0,0,0,0,0,10,0
1334117,52,0,0,0,12,0,12,0,0,0,0,0,0,0,0,0,0,0,0,32,0,0,32,17,0,12,0,0
2689614,51,0,0,10,10,16,140,10,23,24,0,0,0,0,0,0,0,0,0,0,0,0,0,0,0,0,0,0
2493628,50,18,101,25,24,296,446,0,33,26,0,15,0,24,0,16,75,0,34,20,0,0,27,0,0,18,24,19
2945021,50,0,0,0,12,0,0,0,0,0,0,0,0,0,0,0,15,0,0,0,0,0,31,0,0,0,0,0
137992,50,0,0,0,0,0,0,0,0,0,0,0,0,0,0,0,32,0,0,12,0,0,13,0,0,0,0,0
255526,49,0,17,15,17,23,109,0,0,0,0,0,0,0,0,0,13,0,0,16,0,0,11,0,0,11,0,0
213468,49,0,0,57,86,146,105,0,0,0,0,0,0,0,0,0,19,0,17,11,0,0,191,0,0,0,0,0
3039170,49,0,12,0,0,0,0,0,0,0,0,0,21,0,0,0,0,0,0,47,0,0,75,0,0,0,12,0
2922432,48,17,12,0,0,15,30,0,0,0,0,0,16,0,0,0,62,0,10,33,0,0,11,0,0,10,13,0
2942965,48,11,30,0,0,0,0,0,13,0,0,0,0,0,0,0,0,0,0,12,0,0,24,0,0,19,0,0
1980416,48,0,0,0,0,0,0,0,0,0,0,0,0,0,0,0,0,0,0,0,0,0,30,0,0,0,0,0
10780,48,0,0,0,17,22,10,0,0,0,0,0,0,0,0,0,0,0,0,11,0,0,0,0,0,0,0,0
3423713,47,11,41,11,24,153,262,0,18,20,0,0,13,0,0,0,23,0,19,17,0,0,129,0,13,0,0,13
693073,47,13,18,0,17,45,39,0,0,0,0,10,0,0,0,0,84,0,0,48,0,0,11,0,0,15,16,15
213465,46,0,0,0,0,13,75,0,0,0,0,0,11,0,0,0,0,19,28,21,0,0,0,0,0,0,0,0
2843308,45,34,63,32,32,651,401,0,21,23,0,0,12,0,0,0,25,0,58,74,0,0,26,0,0,36,25,38
189770,45,0,0,0,0,23,39,0,11,0,0,0,0,10,0,0,0,0,0,0,0,0,13,0,0,0,0,0
1198451,45,0,14,0,0,11,30,0,0,0,0,0,0,0,0,0,62,0,12,44,0,15,18,14,33,15,20,20
2307,45,0,0,0,0,14,15,13,25,0,0,0,0,0,0,0,0,0,0,0,0,0,22,0,0,0,0,0
2831090,44,14,59,0,13,173,174,0,13,17,0,13,11,0,0,0,17,0,30,0,11,10,12,10,12,0,0,0
2831111,44,13,46,34,41,302,284,13,14,21,0,12,11,0,0,0,12,0,53,0,0,0,17,0,0,0,0,0
3228945,44,0,22,40,12,55,71,0,31,0,0,0,0,0,0,0,40,0,19,76,0,0,0,0,0,37,16,32
85029,44,0,27,43,28,129,462,0,37,23,0,19,15,0,0,21,47,0,59,29,29,0,50,0,0,30,30,30
1706374,43,0,0,0,0,0,20,0,0,0,0,0,0,0,0,0,0,0,0,0,0,0,0,0,0,0,0,0
189777,43,0,0,0,0,0,31,0,0,0,0,0,25,0,0,0,0,0,0,13,0,0,0,0,0,0,0,0
2169529,43,0,84,0,0,0,0,0,0,0,0,0,0,0,0,0,0,0,0,19,0,0,27,0,0,0,0,0
580372,42,0,26,0,0,16,32,0,0,0,0,0,18,0,0,0,17,0,0,22,11,13,38,0,0,0,0,0
3377527,42,0,0,0,0,0,0,0,0,0,0,0,0,0,0,0,63,0,0,21,0,0,0,0,0,0,0,0
1902584,42,0,0,21,12,10,11,0,0,0,0,0,0,0,0,0,72,0,0,32,0,10,15,12,17,10,0,0
85028,42,21,46,21,17,118,319,0,24,25,0,22,13,0,0,21,134,0,52,33,15,0,45,10,0,40,20,14
2805591,42,0,0,0,0,0,0,0,0,0,0,0,0,0,0,0,0,0,0,0,0,0,0,0,0,0,0,0
3085110,41,0,16,14,23,65,385,0,24,41,0,14,17,0,0,0,66,0,80,48,0,0,27,0,0,13,11,10
3457285,41,0,0,0,11,17,19,14,23,0,0,0,0,10,0,15,130,0,0,58,0,33,21,0,30,28,24,14
3120161,41,0,0,0,0,0,0,27,30,0,0,0,0,16,0,0,10,0,0,21,17,0,0,0,0,0,0,0
675068,41,0,0,0,0,0,0,0,0,0,0,0,0,0,0,0,0,0,0,32,0,0,18,0,0,12,0,10
3119552,40,0,0,0,0,0,0,0,0,0,0,0,0,0,0,0,0,0,0,28,0,0,0,0,0,0,0,0
3031656,40,0,0,0,0,11,15,0,0,0,0,0,0,0,0,0,47,10,0,42,0,0,44,0,0,13,13,0
3399778,39,13,0,37,72,73,58,0,0,0,0,0,10,0,0,0,0,13,0,0,13,0,24,0,0,0,0,0
2896,39,0,0,0,0,13,23,0,0,0,0,0,0,0,0,0,0,0,0,0,0,0,45,0,0,0,0,0
151340,39,0,0,0,0,0,0,0,0,0,0,0,0,0,0,0,0,0,0,31,0,0,10,0,0,14,0,0
186534,38,11,10,0,0,0,0,0,0,0,0,0,21,0,0,0,31,0,0,0,0,0,20,0,0,0,0,0
10811,38,0,0,0,14,0,0,0,0,0,0,0,0,0,0,0,26,0,0,34,0,0,21,0,0,0,0,0
2056687,37,0,0,0,0,11,10,0,0,0,0,0,0,0,0,0,24,0,0,0,0,0,15,0,0,0,0,0
320583,37,0,25,16,30,123,387,25,44,38,0,20,12,0,0,25,212,0,53,229,0,0,16,0,14,132,156,73
2900569,37,22,23,0,0,0,0,13,21,0,0,10,32,0,0,0,0,0,0,63,29,0,37,20,0,21,17,0
3423716,36,0,0,10,0,62,176,0,13,0,0,0,0,0,0,0,0,0,31,17,0,0,0,0,0,0,0,0
3031622,36,0,0,16,26,21,58,0,0,0,0,0,0,0,0,0,10,13,21,25,0,0,93,0,0,16,0,0
2885735,36,0,0,0,0,0,0,0,0,0,0,0,0,0,0,0,0,0,0,18,0,0,0,0,0,0,0,0
2501986,36,0,0,0,0,0,0,0,0,0,0,0,0,0,0,0,0,0,0,0,0,0,0,0,0,0,0,0
2907186,35,0,0,0,0,17,28,0,0,0,0,0,0,0,0,0,22,0,12,0,0,0,0,0,0,0,0,0
1755828,34,0,23,0,0,0,16,0,0,0,0,0,34,0,0,10,0,11,19,39,21,0,21,0,0,17,13,0
1106,34,18,19,0,0,44,85,0,0,0,0,0,0,0,0,0,62,0,42,17,0,0,23,0,0,0,0,0
2497645,34,0,0,0,0,0,0,10,11,0,0,0,0,0,0,13,13,0,0,109,0,0,28,0,11,44,32,36
2545690,34,0,0,0,0,23,12,0,0,0,0,0,0,0,0,0,16,0,0,23,0,0,11,0,0,0,0,0
2842328,34,0,0,0,11,73,0,0,0,0,0,0,0,0,0,0,0,0,0,33,0,0,0,0,0,0,0,0
423358,34,0,19,0,18,15,13,0,0,0,0,0,16,0,0,0,0,0,0,0,11,0,0,0,0,0,0,0
1738654,33,0,0,18,22,62,371,0,38,30,0,12,17,0,0,11,14,0,0,0,0,0,16,0,0,0,0,0
2036754,33,0,54,23,35,170,235,0,16,13,0,0,0,0,0,0,95,0,34,14,0,0,17,0,0,0,0,0
2691358,33,0,0,0,0,0,26,0,0,0,0,0,0,0,0,0,0,0,0,31,0,0,10,0,0,0,0,0
224463,32,31,41,41,22,133,948,12,66,34,0,33,23,0,0,25,118,0,52,22,0,0,21,0,0,10,11,15
574976,32,0,32,42,54,101,390,29,54,46,0,0,20,0,0,30,117,14,58,31,0,11,56,0,10,17,28,0
908622,32,0,0,0,12,34,135,0,0,13,0,0,10,0,0,0,17,0,23,0,0,0,0,0,0,0,0,0
1549128,31,0,19,0,0,41,117,0,15,0,0,0,0,0,0,0,0,0,0,19,0,17,32,0,25,0,0,0
414877,31,0,0,10,13,34,123,0,0,13,0,0,0,0,0,0,0,0,60,30,0,0,17,0,0,0,0,0
3050006,30,0,0,0,0,18,49,0,0,0,0,0,0,0,0,0,0,0,0,0,0,0,11,0,0,0,0,0
83778,30,0,20,23,41,91,273,0,24,20,0,0,0,0,0,12,20,0,43,19,0,0,30,0,0,10,0,0
11632,30,0,0,0,0,0,0,0,0,0,0,0,0,0,0,22,83,0,0,0,0,0,0,0,0,0,0,0
1524216,29,31,39,13,15,54,199,0,10,0,0,22,16,0,0,0,0,0,15,28,11,0,260,0,0,0,0,0
3029087,29,20,36,22,31,25,25,12,18,0,0,10,0,0,12,0,184,0,30,57,0,0,51,0,0,14,21,19
2171986,29,0,0,0,0,0,0,0,0,0,0,0,0,0,0,0,34,0,0,0,0,0,0,0,0,0,0,0
2035710,28,0,19,13,12,55,196,0,20,17,0,0,0,0,0,0,94,0,0,0,0,0,22,0,0,0,0,0
3228937,28,11,1359,0,0,74,171,0,13820,0,0,0,13,0,0,0,37,0,18,0,10,0,20,0,0,0,0,0
1755824,28,0,0,0,0,28,106,0,0,0,0,0,0,0,0,0,0,0,13,0,0,0,0,0,0,0,0,0
2301193,27,0,0,0,0,15,52,0,0,0,0,0,0,0,0,0,0,0,0,0,0,0,17,0,0,0,0,0
3423715,27,0,0,0,0,0,28,0,0,0,0,0,0,0,0,0,10,0,0,0,0,0,14,0,0,0,0,0
3036766,27,0,110,0,22,336,246,0,0,0,0,0,0,0,0,0,0,0,17,42,0,0,54,0,0,0,0,0
3462473,27,0,26,0,15,121,87,0,14,0,0,0,0,0,0,11,85,0,0,0,0,0,14,0,0,0,0,0
3149263,27,0,0,0,0,0,0,0,0,0,0,0,0,0,0,0,27,0,0,0,0,0,0,0,0,0,0,0
2770093,27,0,0,0,0,0,10,0,0,0,0,0,0,0,0,0,13,0,0,0,0,10,68,0,0,0,0,0
1934946,26,0,14,0,10,33,130,0,19,0,0,0,0,0,0,0,0,11,13,0,0,0,0,0,0,0,0,0
2501952,26,0,0,0,0,0,0,0,0,0,0,0,0,0,0,0,13,0,0,0,0,0,0,0,0,0,0,0
157897,26,25,44,0,0,0,0,0,0,0,0,12,14,0,0,0,0,0,0,0,0,0,31,0,0,0,0,0
1676141,25,0,16,16,20,72,302,0,16,40,0,17,0,0,0,12,19,0,20,0,0,0,16,0,0,0,0,0
3119833,25,11,34,28,60,50,63,0,13,0,0,0,0,0,0,12,45,0,0,18,0,25,96,20,36,19,0,13
1962910,25,16,12,0,12,12,100,0,18,17,0,0,0,0,0,0,21,0,104,0,0,0,20,0,0,0,0,0
183713,25,0,0,0,0,0,0,0,0,0,0,0,0,0,0,0,53,0,0,0,0,0,0,0,0,0,12,0
3342182,25,0,0,0,0,0,0,0,0,0,0,0,0,0,0,0,0,0,0,21,0,0,13,0,0,0,0,0
2842327,25,0,0,0,0,0,0,0,0,0,0,0,0,0,0,0,131,0,0,64,15,0,115,0,0,0,19,11
3046412,24,0,19,18,12,0,0,25,30,0,0,0,0,10,0,0,0,0,0,16,0,0,33,0,15,0,0,0
2715733,24,0,0,0,0,0,0,0,0,0,0,0,0,0,0,0,16,0,0,13,0,10,0,0,0,0,0,0
1968910,24,0,0,0,0,0,0,0,0,0,0,0,0,0,0,0,0,0,0,84,0,0,13,0,0,0,0,0
1853225,23,0,27,11,18,24,91,0,0,16,0,0,18,0,0,0,27,0,12,27,0,0,23,0,0,0,0,0
2904715,23,0,0,0,0,0,31,0,0,0,0,10,0,0,0,10,11,17,0,0,0,0,0,0,0,19,10,0
543347,23,0,0,0,0,37,0,0,29,0,0,0,0,0,0,0,36,0,0,26,0,0,60,0,0,77,33,40
475964,23,0,13,0,0,22,64,0,0,0,0,0,0,0,0,0,17,0,17,183,0,0,0,0,0,0,0,0
2682227,23,0,0,0,11,19,106,0,16,15,0,0,0,0,0,0,0,0,11,34,0,0,37,0,0,0,0,0
548685,23,0,0,0,0,0,0,0,0,0,0,0,0,0,0,0,0,0,0,0,0,0,0,0,0,0,0,0
3399799,21,0,185,10,11,11,29,0,0,20,0,0,0,0,19,0,0,0,15,29,0,0,38,0,0,0,19,0
43682,21,0,0,0,0,0,0,0,0,0,0,0,0,0,0,0,0,0,0,0,0,0,0,0,0,0,0,0
196937,21,0,0,0,0,0,0,0,0,0,0,0,0,0,0,0,0,0,0,0,0,0,0,0,0,0,0,0
543313,20,51,332,51,83,11,42,17,62,0,0,0,0,0,0,0,93,0,0,24,0,0,96,0,0,19,22,0
2953756,20,0,10,0,0,11,0,0,0,0,0,0,0,0,0,15,115,0,0,17,0,0,18,0,0,0,0,0
3386556,20,0,0,0,0,0,21,0,0,0,0,0,0,0,0,0,0,0,0,13,0,0,0,0,0,0,0,0
1980412,20,0,0,0,14,0,0,0,0,0,0,0,0,0,0,0,0,0,0,0,0,0,0,0,0,0,0,0
10841,20,0,0,0,0,0,0,0,0,0,0,0,0,0,0,0,0,0,0,0,0,0,0,0,0,0,0,0
2844601,19,23,81,14,40,249,266,0,26,24,0,10,11,0,0,0,11,0,51,0,0,0,10,0,0,0,11,0
3031143,19,0,24,0,0,52,82,11,18,10,11,0,0,0,0,0,11,10,0,13,0,0,0,0,0,0,0,0
687329,19,0,0,0,0,0,0,0,0,0,0,0,0,0,0,0,0,0,0,0,0,0,0,0,0,0,0,0
3385905,18,0,76,35,47,184,237,16,30,16,0,10,0,0,0,0,50,0,80,22,10,15,45,0,13,10,0,0
3086088,18,11,28,10,10,18,31,11,35,0,0,0,0,0,0,0,39,0,0,46,0,0,80,0,0,0,19,0
85022,18,0,0,0,0,0,0,0,0,0,0,0,0,0,0,0,0,0,0,0,0,0,0,0,0,0,0,0
1980415,18,0,0,0,0,0,0,0,0,0,0,0,0,0,0,0,24,0,0,0,0,0,0,0,0,0,0,0
3085095,17,0,0,11,10,10,48,0,0,0,0,0,0,0,0,0,18,0,20,0,0,0,12,0,0,0,0,0
213117,17,0,0,58,80,0,27,0,0,0,0,0,0,0,0,0,0,0,0,0,0,0,136,0,0,0,0,0
589351,17,0,0,0,0,0,0,0,0,0,0,0,0,0,0,0,0,0,0,0,0,0,14,0,0,0,0,0
3424680,17,36,0,0,0,0,0,0,0,0,0,0,36,0,0,0,0,0,0,0,45,0,0,0,0,0,0,0
1266054,16,49,15,0,33,81,247,0,0,12,0,0,0,0,0,10,32,0,0,0,0,0,28,0,0,0,11,11
2723775,16,0,20,0,0,60,98,0,0,0,0,0,0,0,0,0,14,0,12,12,12,0,12,0,0,0,0,0
3378215,16,0,0,0,14,0,14,0,0,0,0,0,0,0,0,0,0,0,0,0,0,0,25,0,0,0,0,0
3044479,16,0,0,0,0,0,0,0,0,0,0,0,0,0,0,0,25,0,0,44,0,0,10,0,0,0,0,0
2184034,16,0,0,0,0,0,0,0,0,0,0,0,0,0,0,0,0,0,0,0,0,0,0,0,0,0,0,0
1312872,16,0,0,0,0,0,0,0,0,0,0,0,0,0,0,0,0,0,0,13,0,0,0,0,0,0,0,0
39740,16,0,0,0,0,0,0,0,0,0,0,0,0,0,0,0,0,0,0,0,0,0,0,0,0,0,0,0
1191479,15,30,38,26,43,13,26,0,0,0,0,11,0,0,0,0,27,0,0,13,0,10,30,0,0,0,0,0
3024225,15,13,18,0,0,18,21,0,0,0,0,0,18,0,0,0,0,0,0,26,0,14,105,0,0,12,0,0
39729,15,0,0,0,0,19,12,0,0,0,0,0,0,0,0,0,0,0,0,28,0,0,0,0,0,0,0,0
2937910,14,0,17,0,0,0,0,0,0,0,0,0,0,0,0,0,22,0,0,12,0,0,41,0,0,0,0,0
3153719,14,0,0,0,0,0,0,0,0,0,0,0,0,0,0,0,0,0,0,10,0,0,0,0,0,0,0,0
2946167,14,0,0,0,0,0,0,0,0,0,0,0,0,0,0,0,0,0,0,0,0,0,0,0,0,0,0,0
12058,14,0,0,0,10,0,0,0,0,0,0,0,11,0,0,0,0,0,10,0,0,0,0,0,0,0,0,0
699189,14,0,0,0,0,0,0,0,0,0,0,0,0,0,0,0,0,0,0,0,0,0,0,0,0,0,0,0
2978122,13,0,0,11,0,19,160,0,14,11,0,0,0,0,0,0,0,0,0,19,0,0,14,0,0,0,0,0
2650922,13,0,0,0,0,33,112,0,0,0,0,0,0,0,0,0,0,0,0,14,0,0,0,0,0,11,0,0
453228,13,0,0,0,21,39,117,0,0,23,0,0,0,0,0,0,11,0,20,0,0,0,12,0,0,0,10,0
539003,13,0,0,0,0,0,24,0,0,0,0,0,0,0,0,0,0,0,10,0,0,0,0,0,0,0,0,0
539000,13,0,22,23,13,72,145,23,24,24,0,0,0,0,0,0,18,0,34,30,0,0,27,0,0,22,15,16
3029088,13,0,0,0,0,11,28,0,0,0,0,0,12,0,0,10,65,0,15,57,0,0,16,0,0,18,14,0
3152150,13,0,0,0,0,0,0,0,0,0,0,0,0,0,0,0,0,0,0,0,0,0,0,0,0,0,0,0
2501987,13,0,0,0,0,0,0,0,0,0,0,0,0,0,0,0,0,0,0,0,11,0,0,0,0,0,0,0
2842332,13,0,0,0,0,0,0,0,0,0,0,0,0,0,0,0,0,0,0,0,0,0,0,0,0,0,0,0
1486721,12,50,56,0,0,30,167,0,12,17,19,22,0,0,0,0,17,0,15,0,17,0,11,0,0,0,12,0
2864377,12,0,0,0,0,25,69,0,0,0,0,0,0,0,0,0,0,0,0,0,0,0,0,0,0,0,0,0
1217100,12,0,17,15,11,78,261,0,18,11,0,0,0,0,0,29,83,0,32,0,0,0,16,0,0,0,0,0
3436874,12,0,0,27,17,58,318,0,20,16,0,13,11,0,0,10,12,0,61,22,0,0,0,0,0,17,0,0
10508,12,0,0,0,0,24,13,0,0,0,0,0,0,0,0,0,0,0,0,0,0,0,0,0,0,0,0,0
1883067,12,0,0,0,0,0,0,0,0,0,0,0,0,0,0,0,48,0,0,0,0,0,0,0,0,0,0,0
1980417,12,0,0,0,0,0,0,0,0,0,0,0,0,0,0,0,0,0,0,14,0,0,0,0,0,0,0,0
1285590,12,10,19,0,0,0,0,0,0,0,0,0,0,0,0,0,0,0,0,10,0,0,0,0,0,0,0,0
10477,12,0,0,0,0,0,0,0,0,0,0,0,0,0,0,0,0,0,0,0,0,0,0,0,0,0,0,0
3149308,11,0,25,0,0,57,90,0,10,0,0,0,0,0,0,0,0,0,23,0,0,0,11,0,0,0,0,0
39748,11,0,0,0,0,0,0,0,0,0,0,0,0,0,0,0,0,0,0,0,0,0,0,0,0,0,0,0
564644,11,0,0,0,10,0,0,0,0,0,0,0,0,0,0,0,0,0,0,0,0,0,19,0,0,0,0,0
39724,11,0,0,0,0,0,0,0,0,0,0,0,0,0,0,0,0,0,0,0,0,0,0,0,0,0,0,0
2946159,10,0,0,0,0,48,0,0,0,0,0,0,0,0,0,0,0,0,0,0,0,0,0,0,0,0,0,0
3424631,10,0,0,0,0,0,0,0,0,0,0,0,0,0,0,0,0,0,0,0,0,0,0,0,0,0,0,0
3044467,10,0,0,0,0,0,0,0,0,0,0,0,0,0,0,0,0,0,0,0,0,0,0,0,0,0,0,0
2169567,0,24,21,0,0,0,0,0,0,0,20,0,92,0,0,0,0,0,0,0,0,0,0,0,0,0,0,0
11050,0,15,0,0,0,0,0,0,0,0,0,0,0,0,0,0,0,0,0,0,0,0,0,0,0,0,0,0
2843199,0,10,0,19,0,78,251,0,0,0,0,0,0,0,0,11,16,0,39,23,0,0,11,0,0,13,0,0
2829802,0,0,55,0,0,57,104,0,0,0,0,0,0,0,0,0,0,0,0,0,0,0,0,0,0,0,0,0
2844877,0,0,40,0,0,127,150,0,12,0,0,0,0,0,0,0,21,0,11,15,0,0,0,0,0,0,0,0
2690195,0,0,35,12,20,110,134,0,0,11,0,0,0,0,0,0,0,0,10,0,0,13,46,0,0,0,0,0
2792775,0,0,31,0,0,118,155,0,0,0,0,0,0,0,0,0,0,0,15,18,0,0,0,0,0,0,0,0
3044468,0,0,25,0,0,0,0,0,0,0,0,0,0,0,0,0,0,0,0,0,0,0,0,0,0,0,0,0
2172021,0,0,24,0,0,108,139,0,0,0,0,0,0,0,0,0,10,0,22,0,0,0,31,0,0,0,0,0
3149309,0,0,16,0,0,64,103,0,0,0,0,0,0,0,0,0,18,0,24,14,0,0,0,0,0,0,0,0
3409819,0,0,15,0,0,10,18,0,0,0,0,0,0,0,0,0,51,0,0,43,0,0,10,0,0,50,35,11
2758916,0,0,15,0,12,47,233,0,11,12,0,0,0,0,0,0,16,0,31,0,0,0,18,0,0,0,0,0
3120748,0,0,14,0,0,0,12,0,0,0,0,0,0,0,0,0,0,0,0,0,0,0,10,0,0,0,0,0
1937962,0,0,13,0,0,0,0,0,0,0,0,0,0,0,0,0,0,0,0,0,0,0,0,0,0,0,0,0
3423720,0,0,12,12,16,73,169,17,22,19,0,0,0,0,0,0,31,0,19,0,0,0,17,0,12,0,0,0
3064798,0,0,12,0,0,0,12,0,0,0,0,0,0,0,0,0,0,0,0,13,0,0,0,0,0,17,12,0
3424674,0,0,11,0,0,0,45,0,0,0,0,0,0,0,0,0,0,0,0,0,0,0,0,0,0,0,0,0
3149307,0,0,10,0,0,53,102,0,0,0,0,0,0,0,0,0,0,0,10,10,0,0,23,0,0,0,0,0
3084969,0,0,0,21,30,36,191,0,0,0,0,0,0,0,0,0,34,0,0,10,0,0,0,0,0,0,0,0
2946187,0,0,0,21,21,0,0,0,0,0,0,0,0,0,0,0,15,0,0,12,0,0,0,0,0,10,12,0
1771355,0,0,0,19,15,28,281,0,23,0,0,0,0,0,0,0,50,0,36,72,0,0,28,0,0,0,0,0
69973,0,0,0,19,44,23,12,0,0,0,0,0,0,0,0,11,101,0,0,28,0,0,30,0,0,10,19,10
3381668,0,0,0,16,19,43,254,0,0,14,0,0,0,0,0,0,0,0,0,0,0,0,0,0,0,0,0,0
3399800,0,0,0,11,13,30,22,0,0,0,0,0,0,0,0,0,12,0,0,19,0,0,15,0,0,14,0,12
543349,0,0,0,11,0,28,91,0,0,20,0,0,0,0,0,0,14,0,18,30,0,0,13,0,0,18,10,18
675072,0,0,0,11,12,0,0,0,0,0,0,0,0,0,0,0,38,0,0,0,0,0,20,0,0,0,0,0
92714,0,0,0,10,23,22,17,0,0,0,0,0,0,0,0,0,0,0,0,10,0,0,13,0,0,0,0,0
3143248,0,0,0,10,0,0,0,0,0,0,0,0,0,0,0,0,0,0,0,0,0,0,11,0,0,0,0,0
3029090,0,0,0,10,14,0,0,0,0,0,0,0,0,0,0,0,0,0,0,0,0,0,0,0,0,0,0,0
2975285,0,0,0,0,14,11,0,0,0,0,0,0,0,0,0,0,39,0,0,19,0,0,27,0,0,0,0,0
2968741,0,0,0,0,13,0,18,31,35,11,0,0,0,23,0,0,53,0,0,16,0,0,41,0,0,0,0,0
2805426,0,0,0,0,13,44,124,0,14,0,0,0,0,0,0,0,0,0,13,0,0,0,25,0,0,0,0,0
206349,0,0,0,0,10,0,187,0,0,0,0,0,0,0,0,0,0,0,0,13,0,0,0,0,0,10,0,0
324901,0,0,0,0,10,0,0,0,0,0,0,0,0,0,0,0,0,0,0,0,0,0,0,0,0,0,0,0
1747769,0,0,0,0,0,53,105,0,0,0,0,0,0,0,0,0,0,0,0,0,0,0,0,0,0,0,0,0
2705999,0,0,0,0,0,46,146,0,0,0,0,0,0,0,0,0,0,0,17,0,0,0,0,0,0,0,0,0
225059,0,0,0,0,0,30,116,0,0,0,0,0,0,0,0,0,0,0,0,0,0,0,0,0,0,0,16,0
3079741,0,0,0,0,0,22,19,0,10,0,0,0,0,0,0,0,27,0,0,12,0,0,0,11,12,0,0,0
622451,0,0,0,0,0,20,50,0,0,0,0,0,0,0,0,0,0,0,0,0,0,0,12,0,0,0,0,0
1524213,0,0,0,0,0,18,113,0,20,0,0,0,0,0,0,0,0,0,0,11,0,0,0,0,0,0,0,0
3366852,0,0,0,0,0,17,79,0,0,0,0,0,0,0,0,0,0,0,13,0,0,0,0,0,0,0,10,0
407032,0,0,0,0,0,16,30,0,0,0,0,0,0,0,0,12,67,0,0,50,0,0,0,0,0,23,0,14
316606,0,0,0,0,0,16,28,0,0,0,0,0,0,0,0,0,0,0,0,0,0,0,0,0,0,0,0,0
1676650,0,0,0,0,0,14,92,0,0,0,0,0,0,0,0,0,0,0,0,0,0,0,0,0,0,0,0,0
3056375,0,0,0,0,0,12,96,0,0,0,0,0,0,0,0,0,16,0,0,15,0,0,0,0,0,15,13,0
3240449,0,0,0,0,0,12,0,0,0,0,0,0,0,0,0,0,0,0,0,0,0,12,31,0,0,0,0,0
320796,0,0,0,0,0,11,31,0,0,0,0,0,0,0,0,0,0,0,0,0,0,0,0,0,0,0,0,0
2805586,0,0,0,0,0,0,246,0,0,0,0,0,0,0,0,0,0,0,59,0,0,0,10,0,0,0,0,0
2829291,0,0,0,0,0,0,44,0,0,0,0,0,0,0,0,0,0,0,0,17,0,0,0,0,0,0,0,0
449732,0,0,0,0,0,0,32,0,0,0,0,0,0,0,0,15,84,0,0,0,0,0,0,0,0,0,0,0
3121609,0,0,0,0,0,0,24,0,0,0,0,0,0,0,0,0,0,0,0,0,0,0,0,0,0,0,0,0
85032,0,0,0,0,0,0,16,0,0,0,0,0,0,0,0,0,0,0,0,0,0,0,0,0,0,0,0,0
3424654,0,0,0,0,0,0,14,34,17,0,0,0,0,0,0,0,0,0,0,62,0,0,0,0,0,18,24,10
2842333,0,0,0,0,0,0,0,32,87,37,0,0,0,16,0,0,0,0,0,0,0,19,0,19,0,0,0,0
871007,0,0,0,0,0,0,0,10,10,0,0,0,0,0,0,0,0,0,0,0,0,0,24,0,0,0,0,0
67474,0,0,0,0,0,0,0,0,18,0,0,0,0,0,0,0,0,0,15,0,0,0,0,0,0,0,0,0
3044466,0,0,0,0,0,0,0,0,0,0,0,0,0,0,0,0,95,0,0,0,0,0,0,0,0,0,0,0
3044456,0,0,0,0,0,0,0,0,0,0,0,0,0,0,0,0,60,0,0,26,0,0,13,0,0,0,12,11
88404,0,0,0,0,0,0,0,0,0,0,0,0,0,0,0,0,53,0,0,0,0,0,11,0,0,0,0,0
3044459,0,0,0,0,0,0,0,0,0,0,0,0,0,0,0,0,51,0,0,0,16,0,106,0,0,0,0,0
2946174,0,0,0,0,0,0,0,0,0,0,0,0,0,0,0,0,43,0,0,0,0,0,0,0,0,0,0,0
232795,0,0,0,0,0,0,0,0,0,0,0,0,0,0,0,0,33,0,0,0,0,0,0,0,0,0,0,0
3152124,0,0,0,0,0,0,0,0,0,0,0,0,0,0,0,0,16,0,0,0,0,0,0,0,0,0,0,0
2842320,0,0,0,0,0,0,0,0,0,0,0,0,0,0,0,0,0,0,0,37,0,0,0,0,0,0,0,0
2508209,0,0,0,0,0,0,0,0,0,0,0,0,0,0,0,0,0,0,0,21,0,0,0,0,0,11,0,0
3044481,0,0,0,0,0,0,0,0,0,0,0,0,0,0,0,0,0,0,0,19,0,0,0,0,0,0,0,0
3424663,0,0,0,0,0,0,0,0,0,0,0,0,0,0,0,0,0,0,0,16,0,0,0,0,0,0,0,0
675071,0,0,0,0,0,0,0,0,0,0,0,0,0,0,0,0,0,0,0,13,0,0,0,0,0,0,0,14
11006,0,0,0,0,0,0,0,0,0,0,0,0,0,0,0,0,0,0,0,10,0,0,0,0,0,0,0,0
11974,0,0,0,0,0,0,0,0,0,0,0,0,0,0,0,0,0,0,0,0,0,0,10,0,0,0,0,0
2169568,0,0,0,0,0,0,0,0,0,0,0,0,0,0,0,0,0,0,0,0,0,0,0,0,0,17,20,0
151341,0,0,0,0,0,0,0,0,0,0,0,0,0,0,0,0,0,0,0,0,0,0,0,0,0,14,0,10
