taxonomy_id,name,taxonomy_lvl
49546,Flavobacteriaceae,F
186817,Bacillaceae,F
31979,Clostridiaceae,F
543,Enterobacteriaceae,F
468,Moraxellaceae,F
2062,Streptomycetaceae,F
2762318,Weeksellaceae,F
33958,Lactobacillaceae,F
186822,Paenibacillaceae,F
641,Vibrionaceae,F
135621,Pseudomonadaceae,F
90964,Staphylococcaceae,F
84566,Sphingobacteriaceae,F
36751,Glomeraceae,F
1639119,Plasmodiidae,F
1300,Streptococcaceae,F
41294,Nitrobacteraceae,F
4893,Saccharomycetaceae,F
186803,Lachnospiraceae,F
41297,Sphingomonadaceae,F
81852,Enterococcaceae,F
119060,Burkholderiaceae,F
2808963,Arcobacteraceae,F
1903414,Morganellaceae,F
267888,Pseudoalteromonadaceae,F
2821832,Stappiaceae,F
72294,Campylobacteraceae,F
815,Bacteroidaceae,F
82115,Rhizobiaceae,F
186804,Peptostreptococcaceae,F
1884633,Cryptococcaceae,F
203492,Fusobacteriaceae,F
1903409,Erwiniaceae,F
2895623,Metamycoplasmataceae,F
712,Pasteurellaceae,F
186818,Caryophanaceae,F
1162,Nostocaceae,F
563835,Chitinophagaceae,F
267890,Shewanellaceae,F
766764,Debaryomycetaceae,F
181550,Trichomonadidae,F
1131492,Aspergillaceae,F
110618,Nectriaceae,F
1129771,Leptotrichiaceae,F
72275,Alteromonadaceae,F
1903411,Yersiniaceae,F
2131,Spiroplasmataceae,F
2854170,Roseobacteraceae,F
84642,Aeromonadaceae,F
32033,Lysobacteraceae,F
5654,Trypanosomatidae,F
80864,Comamonadaceae,F
200667,Flammeovirgaceae,F
28056,Micromonosporaceae,F
2092,Mycoplasmataceae,F
2845253,Treponemataceae,F
444,Legionellaceae,F
171552,Prevotellaceae,F
216572,Oscillospiraceae,F
2206,Methanosarcinaceae,F
85023,Microbacteriaceae,F
28256,Halomonadaceae,F
481,Neisseriaceae,F
85025,Nocardiaceae,F
1653,Corynebacteriaceae,F
186814,Thermoanaerobacteraceae,F
186827,Aerococcaceae,F
563798,Cyclobacteriaceae,F
1762,Mycobacteriaceae,F
186820,Listeriaceae,F
72293,Helicobacteraceae,F
186828,Carnobacteriaceae,F
31953,Bifidobacteriaceae,F
1903410,Pectobacteriaceae,F
2159,Methanobacteriaceae,F
5262,Pucciniaceae,F
1643685,Borreliaceae,F
1853232,Hymenobacteraceae,F
75682,Oxalobacteraceae,F
267889,Colwelliaceae,F
942,Anaplasmataceae,F
1268,Micrococcaceae,F
135620,Oceanospirillaceae,F
772,Bartonellaceae,F
31989,Paracoccaceae,F
4894,Schizosaccharomycetaceae,F
2049,Actinomycetaceae,F
5129,Hypocreaceae,F
69277,Phyllobacteriaceae,F
186806,Eubacteriaceae,F
506,Alcaligenaceae,F
775,Rickettsiaceae,F
1570339,Peptoniphilaceae,F
2070,Pseudonocardiaceae,F
2881426,Prochlorococcaceae,F
126,Planctomycetaceae,F
2937909,Desulfitobacteriaceae,F
335929,Erythrobacteraceae,F
118883,Sulfolobaceae,F
3071002,Caldicellulosiruptoraceae,F
1156497,Pichiaceae,F
2975441,Sphaerotilaceae,F
170,Leptospiraceae,F
3120669,Anoxybacillaceae,F
5809,Sarcocystidae,F
34397,Clavicipitaceae,F
2771471,Sulfurimonadaceae,F
2896860,Spirosomataceae,F
403,Methylococcaceae,F
194924,Desulfovibrionaceae,F
34064,Francisellaceae,F
128827,Erysipelotrichaceae,F
2810280,Coprobacillaceae,F
2528436,Pyriculariaceae,F
681950,Glomerellaceae,F
39782,Blattabacteriaceae,F
1890438,Leptolyngbyaceae,F
2005525,Tannerellaceae,F
1706371,Cellvibrionaceae,F
85021,Intrasporangiaceae,F
89373,Cytophagaceae,F
5148,Sordariaceae,F
2058185,Dictyosteliaceae,F
119045,Methylobacteriaceae,F
3079761,Nodulariaceae,F
1655514,Candidatus Pelagibacteraceae,F
85026,Gordoniaceae,F
49,Polyangiaceae,F
1643950,Fervidobacteriaceae,F
2932623,Sulfurospirillaceae,F
2691357,Pirellulaceae,F
28983,Sclerotiniaceae,F
1240483,Orbaceae,F
1890450,Aphanothecaceae,F
549779,Mimiviridae,F
204434,Acidobacteriaceae,F
143786,Brachyspiraceae,F
3120697,Fictibacillaceae,F
2066474,Endozoicomonadaceae,F
1706373,Microbulbiferaceae,F
3056371,Coraliomargaritaceae,F
3141702,Leadbetterellaceae,F
2146,Acholeplasmataceae,F
1471398,Prolixibacteraceae,F
27994,Theileriidae,F
2815910,Geminocystaceae,F
433,Acetobacteraceae,F
2898533,Zooshikellaceae,F
1890426,Synechococcaceae,F
191412,Chlorobiaceae,F
85015,Nocardioidaceae,F
32594,Babesiidae,F
2024974,Silvanigrellaceae,F
28556,Pleosporaceae,F
2609812,Podosporaceae,F
1937968,Bernardetiaceae,F
539738,Gemellaceae,F
338190,Nitrosopumilaceae,F
2259,Thermococcaceae,F
972,Halanaerobiaceae,F
213483,Pseudobdellovibrionaceae,F
1644056,Haloferacaceae,F
3141701,Flectobacillaceae,F
1046,Chromatiaceae,F
1843491,Selenomonadaceae,F
1843490,Sporomusaceae,F
2790998,Mycoplasmoidaceae,F
4777,Peronosporaceae,F
135616,Piscirickettsiaceae,F
93133,Mycosphaerellaceae,F
28568,Trichocomaceae,F
76892,Caulobacteraceae,F
35718,Chaetomiaceae,F
2762301,Marivirgaceae,F
543314,Anaerovoracaceae,F
31977,Veillonellaceae,F
118968,Coxiellaceae,F
1892252,Microcoleaceae,F
35082,Cryptosporidiidae,F
1892259,Aphanizomenonaceae,F
40562,Strophariaceae,F
267894,Psychromonadaceae,F
2603322,Vallitaleaceae,F
2762286,Fulvivirgaceae,F
3399801,Candidatus Pseudothioglobaceae,F
2810281,Turicibacteraceae,F
33925,Entomoplasmataceae,F
1903412,Hafniaceae,F
809,Chlamydiaceae,F
2887365,Marinobacteraceae,F
2800061,Maricaulaceae,F
171550,Rikenellaceae,F
2946157,Duneviridae,F
1644061,Natrialbaceae,F
2004,Streptosporangiaceae,F
2813035,Parvibaculaceae,F
2005520,Dysgonomonadaceae,F
118882,Brucellaceae,F
2183,Methanococcaceae,F
196117,Methanocaldococcaceae,F
2897177,Chitinibacteraceae,F
474942,Ophiocordycipitaceae,F
32011,Methylophilaceae,F
2992718,Sporanaerobacteraceae,F
1573805,Marinifilaceae,F
795749,Ignavibacteriaceae,F
39,Archangiaceae,F
2897348,Candidatus Uabimicrobiaceae,F
31957,Propionibacteriaceae,F
1890449,Microcystaceae,F
2762302,Reichenbachiellaceae,F
1775411,Rhodanobacteraceae,F
85019,Brevibacteriaceae,F
5268,Ustilaginaceae,F
3118656,Natronincolaceae,F
33184,Onygenaceae,F
1853230,Crocinitomicaceae,F
186824,Thermoactinomycetaceae,F
3423717,Sphingobiaceae,F
1892263,Hapalosiphonaceae,F
2946170,Straboviridae,F
410830,Trichomonascaceae,F
2771472,Sulfurovaceae,F
683158,Didymellaceae,F
3366644,Promethearchaeaceae,F
186823,Alicyclobacillaceae,F
44746,Holosporaceae,F
2008795,Azonexaceae,F
2992717,Acidilutibacteraceae,F
5739,Hexamitidae,F
119859,Tolypothrichaceae,F
2831106,Devosiaceae,F
31,Myxococcaceae,F
1892254,Oscillatoriaceae,F
2844375,Reyranellaceae,F
1522127,Catalimonadaceae,F
137,Spirochaetaceae,F
2661849,Calotrichaceae,F
2012,Thermomonosporaceae,F
206379,Nitrosomonadaceae,F
654128,Marasmiaceae,F
2829815,Azospirillaceae,F
186807,Peptococcaceae,F
10442,Baculoviridae,F
2726069,Kribbellaceae,F
5250,Ceratobasidiaceae,F
1963268,Haloarculaceae,F
27319,Metschnikowiaceae,F
72276,Ectothiorhodospiraceae,F
689704,Candidatus Rhabdochlamydiaceae,F
1963270,Halococcaceae,F
34365,Saccharomycodaceae,F
2731690,Demerecviridae,F
267891,Moritellaceae,F
38749,Phaeodactylaceae,F
1643949,Petrotogaceae,F
1185,Rivulariaceae,F
188786,Thermaceae,F
1853234,Persicobacteraceae,F
1737406,Tissierellaceae,F
2992719,Tepidimicrobiaceae,F
183710,Deinococcaceae,F
1033997,Nitrososphaeraceae,F
1759442,Trichosporonaceae,F
203557,Verrucomicrobiaceae,F
2795691,Nitratiruptoraceae,F
3031627,Desulfatibacillaceae,F
1499392,Chromobacteriaceae,F
89374,Saprospiraceae,F
64898,Aquificaceae,F
27974,Nosematidae,F
213422,Geobacteraceae,F
267893,Idiomarinaceae,F
3031624,Desulfosarcinaceae,F
1890528,Chroococcidiopsidaceae,F
2194,Methanomicrobiaceae,F
3018741,Cellulosilyticaceae,F
1643826,Eggerthellaceae,F
85017,Promicromonosporaceae,F
3423719,Sphingorhabdaceae,F
188711,Thermodesulfobacteriaceae,F
29202,Thalassiosiraceae,F
213119,Desulfobacteraceae,F
2008794,Zoogloeaceae,F
135617,Thiotrichaceae,F
134623,Opitutaceae,F
868,Cardiobacteriaceae,F
2931039,Desulfococcaceae,F
263369,Bacteriovoracaceae,F
224379,Hahellaceae,F
1853231,Odoribacteraceae,F
1914233,Gemmataceae,F
2946158,Forsetiviridae,F
1890436,Pseudanabaenaceae,F
1892261,Chlorogloeopsidaceae,F
1955043,Gloeomargaritaceae,F
3402413,Natronomonadaceae,F
10501,Phycodnaviridae,F
1937961,Haliscomenobacteraceae,F
1501348,Amoebophilaceae,F
1903416,Budviciaceae,F
1331809,Kordiimonadaceae,F
1491775,Proteinivoracaceae,F
3424642,Connertonviridae,F
36734,Unikaryonidae,F
742845,Malasseziaceae,F
2162846,Candidatus Nanopelagicaceae,F
3064797,Haladaptataceae,F
90627,Gallionellaceae,F
213121,Desulfobulbaceae,F
1643948,Kosmotogaceae,F
171551,Porphyromonadaceae,F
1647988,Akkermansiaceae,F
1652132,Halobacteriovoraceae,F
558314,Desulfurobacteriaceae,F
2772226,Sulfuricellaceae,F
474943,Cordycipitaceae,F
2303507,Oculatellaceae,F
2093822,Candidatus Nanosynbacteraceae,F
1892251,Coleofasciculaceae,F
2831100,Boseaceae,F
2811504,Thermodesulfovibrionaceae,F
74712,Frankiaceae,F
224467,Nautiliaceae,F
2844866,Thalassospiraceae,F
45404,Beijerinckiaceae,F
3385906,Roseomonadaceae,F
2812006,Bruguierivoracaceae,F
83676,Nocardiopsidaceae,F
2942963,Crevaviridae,F
335928,Xanthobacteraceae,F
3044472,Orthoherpesviridae,F
92713,Parachlamydiaceae,F
2691359,Lacipirellulaceae,F
1663426,Fimbriimonadaceae,F
3421337,Guptibacillaceae,F
2886822,Desulfocapsaceae,F
224027,Hydrogenothermaceae,F
85016,Cellulomonadaceae,F
45401,Hyphomicrobiaceae,F
3044473,Pootjesviridae,F
1763524,Isosphaeraceae,F
85020,Dermabacteraceae,F
3152140,Orpheoviridae,F
2692416,Ktedonosporobacteraceae,F
69657,Hyphomonadaceae,F
10240,Poxviridae,F
188709,Thermotogaceae,F
3078917,Rhodocytophagaceae,F
2005473,Muribaculaceae,F
2762306,Roseivirgaceae,F
909930,Acidaminococcaceae,F
2934961,Sirenicapillariaceae,F
31993,Methylocystaceae,F
186821,Sporolactobacillaceae,F
2808923,Fluviibacteraceae,F
2483367,Sedimentisphaeraceae,F
717964,Methylacidiphilaceae,F
225058,Acidithiobacillaceae,F
3082771,Acutalibacteraceae,F
2236,Halobacteriaceae,F
1890428,Merismopediaceae,F
570265,Methanocellaceae,F
1890464,Chroococcaceae,F
68298,Syntrophomonadaceae,F
1890500,Hyellaceae,F
2232,Archaeoglobaceae,F
2005519,Barnesiellaceae,F
1202464,Dehalococcoidaceae,F
2791015,Sphaerochaetaceae,F
1890429,Acaryochloridaceae,F
1706372,Halieaceae,F
90142,Ferroplasmaceae,F
3067276,Sedimenticolaceae,F
53434,Halobacteroidaceae,F
2975520,Candidatus Izemoplasmataceae,F
3076164,Abyssicoccaceae,F
2066491,Emcibacteraceae,F
2946160,Kyanoviridae,F
41295,Rhodospirillaceae,F
2748673,Zhaonellaceae,F
3152113,Chimalliviridae,F
1783343,Endomicrobiaceae,F
292628,Anaerolineaceae,F
196137,Methanospirillaceae,F
3423718,Sphingopyxidaceae,F
189779,Nitrospiraceae,F
3118657,Thermotaleaceae,F
255472,Caldisphaeraceae,F
995019,Sutterellaceae,F
3375061,Pendulisporaceae,F
2211325,Vicinamibacteraceae,F
3118652,Anaerotignaceae,F
267892,Ferrimonadaceae,F
633392,Iamiaceae,F
2942966,Suoliviridae,F
3039168,Neomoorellaceae,F
1511852,Nudiviridae,F
3018589,Ignatzschineriaceae,F
3079746,Cymatolegaceae,F
255475,Aurantimonadaceae,F
203488,Dictyoglomaceae,F
2983189,Candidatus Poriferisodalaceae,F
85030,Geodermatophilaceae,F
1937960,Lewinellaceae,F
1127830,Candidatus Brocadiaceae,F
3118655,Filifactoraceae,F
10486,Iridoviridae,F
510685,Sneathiellaceae,F
1970190,Salinivirgaceae,F
2202724,Methanonatronarchaeaceae,F
2946505,Microvenatoraceae,F
558415,Marinilabiliaceae,F
1962854,Calditrichaceae,F
1643824,Atopobiaceae,F
666507,Phycisphaeraceae,F
224372,Alcanivoracaceae,F
1706375,Spongiibacteraceae,F
1077264,Chthonomonadaceae,F
2844881,Zymomonadaceae,F
2867375,Desulfallaceae,F
568386,Nevskiaceae,F
75787,Rhodocyclaceae,F
2951104,Breznakiellaceae,F
1890498,Dermocarpellaceae,F
1042322,Demequinaceae,F
655351,Cohaesibacteraceae,F
2042895,Gottschalkiaceae,F
649777,Synergistaceae,F
1920240,Kangiellaceae,F
3031464,Thermodesulfatatoraceae,F
92712,Simkaniaceae,F
3118654,Caminicellaceae,F
3085097,Candidatus Promineifilaceae,F
1890431,Chamaesiphonaceae,F
1779135,Bradymonadaceae,F
1185407,Defluviitaleaceae,F
2983183,Candidatus Hopanoidivoransaceae,F
46630,Picrophilaceae,F
2823145,Pleioneaceae,F
2844403,Rhodovibrionaceae,F
2066434,Geminicoccaceae,F
1328881,Candidatus Midichloriaceae,F
2008793,Sterolibacteriaceae,F
2267,Thermoproteaceae,F
1769717,Mesoaciditogaceae,F
2770092,Tepidanaerobacteraceae,F
2829814,Ahrensiaceae,F
1182,Scytonemataceae,F
2847776,Atribacteraceae,F
1747776,Cuniculiplasmataceae,F
2858885,Mangrovivirgaceae,F
3056374,Cerasicoccaceae,F
255474,Parvularculaceae,F
2560065,Herelleviridae,F
2842329,Schitoviridae,F
3079756,Halothecacae,F
213421,Desulfuromonadaceae,F
2812024,Syntrophotaleaceae,F
2848916,Thermohalobacteraceae,F
85034,Glycomycetaceae,F
2945022,Flexistipitaceae,F
2800062,Robiginitomaculaceae,F
3072461,Haliovirgaceae,F
2974823,Nanobdellaceae,F
292630,Hydrogenimonadaceae,F
227387,Thermodesulfobiaceae,F
219687,Gemmatimonadaceae,F
1892255,Gomontiellaceae,F
3048035,Hippeaceae,F
1853227,Rubricoccaceae,F
3031665,Geoalkalibacteraceae,F
191394,Deferribacteraceae,F
3373482,Nitrosotaleaceae,F
2731691,Drexlerviridae,F
1777752,Candidatus Paracaedibacteraceae,F
3120698,Gallaecimonadaceae,F
3044455,Aliceevansviridae,F
566277,Lentisphaeraceae,F
85031,Nakamurellaceae,F
3457296,Candidatus Njordibacteraceae,F
191033,Oleiphilaceae,F
3399796,Candidatus Johnevansiaceae,F
2760872,Tenuifilaceae,F
340080,Parameciidae,F
255527,Saccharospirillaceae,F
3142785,Terrirubraceae,F
2600303,Baekduiaceae,F
533207,Acanthopleuribacteraceae,F
213116,Desulfomicrobiaceae,F
3085642,Butyricicoccaceae,F
3024551,Owenweeksiaceae,F
114378,Thermofilaceae,F
1331736,Ruaniaceae,F
3423714,Rhizorhabdaceae,F
3444226,Kolteriaceae,F
742031,Salinisphaeraceae,F
84107,Coriobacteriaceae,F
2807496,Natranaerofabaceae,F
2881378,Thermosynechococcaceae,F
3424659,Lindbergviridae,F
1813606,Balneolaceae,F
1055686,Sandaracinaceae,F
1508635,Roseiflexaceae,F
3132029,Candidatus Hepatoplasmataceae,F
2494208,Capsulimonadaceae,F
641876,Elusimicrobiaceae,F
145357,Dermacoccaceae,F
2975259,Parvicellaceae,F
543372,Thermoanaerobacterales Family IV. Incertae Sedis,F
3424637,Autotranscriptaviridae,F
1692041,Acidiferrobacteraceae,F
204431,Fibrobacteraceae,F
3085657,Monoglobaceae,F
3085096,Ketobacteraceae,F
2303527,Trichocoleusaceae,F
3046368,Aristaeellaceae,F
3031658,Desulfomonilaceae,F
2603433,Candidatus Deianiraeaceae,F
2803844,Usitatibacteraceae,F
2805416,Jatrophihabitantaceae,F
85033,Sporichthyaceae,F
2272,Desulfurococcaceae,F
3031145,Novispirillaceae,F
3079743,Thalassoporaceae,F
3044476,Schizomimiviridae,F
449719,Granulosicoccaceae,F
2562244,Thermotomaculaceae,F
3039986,Nodosilineaceae,F
2501967,Mononiviridae,F
3033994,Candidatus Poriferihabitaceae,F
3088888,Aurantibacillaceae,F
2138247,Coprothermobacteraceae,F
2945019,Geovibrionaceae,F
2786988,Koleobacteraceae,F
2805590,Ornithinimicrobiaceae,F
2945020,Mucispirillaceae,F
3031144,Dongiaceae,F
1921783,Kiritimatiellaceae,F
2805400,Actinopolymorphaceae,F
568247,Aspiviridae,F
1524215,Anaeromyxobacteraceae,F
2937911,Thermincolaceae,F
2448023,Ilumatobacteraceae,F
2690158,Anaerohalosphaeraceae,F
2897176,Aquaspirillaceae,F
84997,Rubrobacteraceae,F
3139177,Candidatus Chloroheliaceae,F
11158,Paramyxoviridae,F
1980418,Phenuiviridae,F
3039865,Candidatus Cloacimonadaceae,F
3078170,Hujiaoplasmataceae,F
83763,Succinivibrionaceae,F
31984,Heliobacteriaceae,F
1969992,Desertifilaceae,F
3238476,Minisyncoccaceae,F
412032,Celerinatantimonadaceae,F
944644,Marseilleviridae,F
2685818,Amorphaceae,F
1577788,Methanomassiliicoccaceae,F
1442156,Ferrovaceae,F
2813951,Terasakiellaceae,F
685949,Fervidicoccaceae,F
2008790,Thiobacillaceae,F
1890422,Gloeobacteraceae,F
589343,Geminigeraceae,F
2976354,Natronoarchaeaceae,F
3424635,Autoscriptoviridae,F
2843305,Phreatobacteraceae,F
1911603,Pleolipoviridae,F
2844864,Thalassobaculaceae,F
563843,Rhodothermaceae,F
3024158,Cyclonatronaceae,F
3056649,Candidatus Palauibacteraceae,F
485255,Natranaerobiaceae,F
84994,Acidimicrobiaceae,F
3466454,Aestuariispiraceae,F
2005523,Paludibacteraceae,F
85018,Dermatophilaceae,F
143067,Methanotrichaceae,F
3120710,Marinicellaceae,F
3121618,Candidatus Korobacteraceae,F
11270,Rhabdoviridae,F
2820280,Sphingosinicellaceae,F
990719,Christensenellaceae,F
3040680,Hoyosellaceae,F
2942964,Intestiviridae,F
548682,Alloherpesviridae,F
3424644,Ehrlichviridae,F
2983162,Candidatus Spongiisociaceae,F
332247,Trueperaceae,F
2946168,Pervagoviridae,F
2946196,Polydnaviriformidae,F
224464,Kofleriaceae,F
145358,Allobogoriellaceae,F
46659,Thermoplasmataceae,F
85002,Sphaerobacteraceae,F
3079752,Geitlerinemataceae,F
1495648,Thermoflexaceae,F
11118,Coronaviridae,F
2137278,Salinarimonadaceae,F
125316,Beutenbergiaceae,F
145360,Sanguibacteraceae,F
2976758,Capillimicrobiaceae,F
3424634,Autonotataviridae,F
2811505,Dissulfurispiraceae,F
2946186,Sedoreoviridae,F
1334117,Melioribacteraceae,F
2689614,Steroidobacteraceae,F
2493628,Minwuiaceae,F
2945021,Calditerrivibrionaceae,F
137992,Asfarviridae,F
255526,Halothiobacillaceae,F
213468,Syntrophaceae,F
3039170,Desulfitibacteraceae,F
2922432,Phototrophicaceae,F
2942965,Steigviridae,F
1980416,Peribunyaviridae,F
10780,Parvoviridae,F
3423713,Sphingomicrobiaceae,F
693073,Caldisericaceae,F
213465,Syntrophobacteraceae,F
2843308,Pleomorphomonadaceae,F
189770,Chrysiogenaceae,F
1198451,Methanoregulaceae,F
2307,Pyrodictiaceae,F
2831090,Blastochloridaceae,F
2831111,Kaistiaceae,F
3228945,Sanyastnellaceae,F
85029,Dietziaceae,F
1706374,Porticoccaceae,F
189777,Thermomicrobiaceae,F
2169529,Ackermannviridae,F
580372,Mariprofundaceae,F
3377527,Fidelibacteraceae,F
1902584,Candidatus Desulfofervidaceae,F
85028,Tsukamurellaceae,F
2805591,Tropherymataceae,F
3085110,Thiohalobacteraceae,F
3457285,Candidatus Levibacteraceae,F
3120161,Peptoclostridiaceae,F
675068,Betaflexiviridae,F
3119552,Candidatus Azoamicaceae,F
3031656,Desulfobaccaceae,F
3399778,Candidatus Thermobaculaceae,F
2896,Cryptomonadaceae,F
151340,Papillomaviridae,F
186534,Caulimoviridae,F
10811,Geminiviridae,F
2056687,Fastidiosibacteraceae,F
320583,Conexibacteraceae,F
2900569,Candidatus Absconditicoccaceae,F
3423716,Parasphingopyxidaceae,F
3031622,Desulfolunaceae,F
2885735,Candidatus Micrarchaeaceae,F
2501986,Artoviridae,F
2907186,Tichowtungiaceae,F
1755828,Ichthyobacteriaceae,F
1106,Chloroflexaceae,F
2497645,Candidatus Babeliaceae,F
2545690,Candidatus Methanoliparaceae,F
2842328,Salasmaviridae,F
423358,Bicaudaviridae,F
1738654,Woeseiaceae,F
2036754,Chelatococcaceae,F
2691358,Thermoguttaceae,F
224463,Nannocystaceae,F
574976,Holophagaceae,F
908622,Euzebyaceae,F
1549128,Temperatibacteraceae,F
414877,Catenulisporaceae,F
3050006,Fontisphaeraceae,F
83778,Kineosporiaceae,F
11632,Retroviridae,F
1524216,Labilitrichaceae,F
3029087,Aminobacteriaceae,F
2171986,Candidatus Saccharimonadaceae,F
2035710,Thioalkalibacteraceae,F
3228937,Coralliovaceae,F
1755824,Egicoccaceae,F
2301193,Balneatrichaceae,F
3423715,Aquisediminimonadaceae,F
3036766,Magnetospirillaceae,F
3462473,Radicibacteraceae,F
3149263,Atrimonadaceae,F
2770093,Thermosediminibacteraceae,F
1934946,Immundisolibacteraceae,F
2501952,Chuviridae,F
157897,Rudiviridae,F
1676141,Wenzhouxiangellaceae,F
3119833,Candidatus Puniceispirillaceae,F
1962910,Bryobacteraceae,F
183713,Methanopyraceae,F
3342182,Candidatus Korarchaeaceae,F
2842327,Rountreeviridae,F
3046412,Halothermotrichaceae,F
2715733,Candidatus Chazhemtobacteraceae,F
1968910,Candidatus Nitrosocaldaceae,F
1853225,Salinibacteraceae,F
2904715,Desulfosudaceae,F
543347,Clostridiales Family XVI. Incertae Sedis,F
475964,Caldilineaceae,F
2682227,Tepidiformaceae,F
548685,Malacoherpesviridae,F
3399799,Candidatus Desulforudaceae,F
43682,Ascoviridae,F
196937,Nimaviridae,F
543313,Eubacteriales Family XII. Incertae Sedis,F
2953756,Candidatus Chromulinivoraceae,F
3386556,Halalkalicoccaceae,F
1980412,Fimoviridae,F
10841,Microviridae,F
2844601,Stellaceae,F
3031143,Magnetovibrionaceae,F
687329,Anelloviridae,F
3385905,Acidocellaceae,F
3086088,Dethiobacteraceae,F
85022,Jonesiaceae,F
1980415,Nairoviridae,F
3085095,Pseudohongiellaceae,F
213117,Desulfohalobiaceae,F
589351,Hemiselmidaceae,F
3424680,Vandenendeviridae,F
1266054,Algiphilaceae,F
2723775,Lichenihabitantaceae,F
3378215,Candidatus Caldatribacteriaceae,F
3044479,Stanwilliamsviridae,F
2184034,Autolykiviridae,F
1312872,Mesoniviridae,F
39740,Bromoviridae,F
1191479,Magnetococcaceae,F
3024225,Thermospiraceae,F
39729,Potyviridae,F
2937910,Desulfotomaculaceae,F
3153719,Kribbibacteriaceae,F
2946167,Peduoviridae,F
12058,Picornaviridae,F
699189,Iflaviridae,F
2978122,Candidatus Rariloculaceae,F
2650922,Aestuariivirgaceae,F
453228,Desulfarculaceae,F
539003,Bacillales Family X. Incertae Sedis,F
539000,Clostridiales Family XVII. Incertae Sedis,F
3029088,Dethiosulfovibrionaceae,F
3152150,Saffermanviridae,F
2501987,Lispiviridae,F
2842332,Steitzviridae,F
1486721,Methylothermaceae,F
2864377,Carbonactinosporaceae,F
1217100,Jiangellaceae,F
3436874,Salinilacustritrichaceae,F
10508,Adenoviridae,F
1883067,Mymonaviridae,F
1980417,Phasmaviridae,F
1285590,Hytrosaviridae,F
10477,Lipothrixviridae,F
3149308,Rhodoligotrophaceae,F
39748,Hypoviridae,F
564644,Endornaviridae,F
39724,Circoviridae,F
2946159,Helgolandviridae,F
3424631,Andersonviridae,F
3044467,Itzamnaviridae,F
2169567,Bacilladnaviridae,F
11050,Flaviviridae,F
2843199,Miltoncostaeaceae,F
2829802,Afifellaceae,F
2844877,Zavarziniaceae,F
2690195,Elioraeaceae,F
2792775,Alsobacteraceae,F
3044468,Kleczkowskaviridae,F
2172021,Ancalomicrobiaceae,F
3149309,Methylopilaceae,F
3409819,Winmispiraceae,F
2758916,Paraconexibacteraceae,F
3120748,Thermosulfidibacteraceae,F
1937962,Microscillaceae,F
3423720,Blastomonadaceae,F
3064798,Halorubellaceae,F
3424674,Stackebrandtviridae,F
3149307,Salaquimonadaceae,F
3084969,Thiohalomonadaceae,F
2946187,Spinareoviridae,F
1771355,Tepidisphaeraceae,F
69973,Closteroviridae,F
3381668,Gaopeijiaceae,F
3399800,Candidatus Nucleicultricaceae,F
543349,Symbiobacteriaceae,F
675072,Secoviridae,F
92714,Waddliaceae,F
3143248,Candidatus Lucifugimonadaceae,F
3029090,Aminiphilaceae,F
2975285,Candidatus Comchoanobacteraceae,F
2968741,Chloroherpetonaceae,F
2805426,Kytococcaceae,F
206349,Hydrogenophilaceae,F
324901,Marnaviridae,F
1747769,Egibacteraceae,F
2705999,Casimicrobiaceae,F
225059,Thermithiobacillaceae,F
3079741,Anthocerotibacteraceae,F
622451,Actinopolysporaceae,F
1524213,Vulgatibacteraceae,F
3366852,Geochordaceae,F
407032,Nitrospinaceae,F
316606,Segniliparaceae,F
1676650,Limnochordaceae,F
3056375,Alterococcaceae,F
3240449,Thermatribacteraceae,F
320796,Thermoleophilaceae,F
2805586,Lawsonellaceae,F
2829291,Vulcanimicrobiaceae,F
449732,Litorivicinaceae,F
3121609,Candidatus Bipolaricaulaceae,F
85032,Acidothermaceae,F
3424654,Jeanschmidtviridae,F
2842333,Zobellviridae,F
871007,Acidilobaceae,F
67474,Naviculaceae,F
3044466,Grimontviridae,F
3044456,Allomimiviridae,F
88404,Methanocorpusculaceae,F
3044459,Arenbergviridae,F
2946174,Winoviridae,F
232795,Dicistroviridae,F
3152124,Inseviridae,F
2842320,Guelinviridae,F
2508209,Tobaniviridae,F
3044481,Verdandiviridae,F
3424663,Mktvariviridae,F
675071,Virgaviridae,F
11006,Totiviridae,F
11974,Caliciviridae,F
2169568,Deltaflexiviridae,F
151341,Polyomaviridae,F
